appid,release_coming_soon,price_initial,price_final,price_discount_pct,platform_windows,platform_mac,platform_linux,screenshots_count,movies_count,cat_n,gen_n,lang_n,pc_min_len,pc_rec_len
3115220,False,2499,2499,0,True,False,False,12,7,10,4,11,417,426
2016460,False,3499,3499,0,True,False,False,11,2,6,4,13,539,524
3483740,False,1499,1124,25,True,True,False,17,3,18,5,12,388,113
2949320,False,2499,2499,0,True,False,False,6,2,7,6,10,648,651
1601330,False,1999,1999,0,True,False,False,14,2,10,5,18,686,687
1299460,False,2499,1499,40,True,False,False,6,3,5,3,11,571,574
2918500,False,899,899,0,True,True,False,8,2,8,3,2,535,541
3213850,False,1199,1199,0,True,True,False,8,7,7,8,15,434,465
1401730,False,2499,2499,0,True,False,False,13,3,13,4,10,358,0
2816950,False,1999,999,50,True,False,False,16,3,5,6,4,353,357
3035120,False,999,999,0,True,True,True,7,2,13,2,19,451,455
1136380,False,1999,1999,0,True,False,False,27,1,12,2,14,525,530
2658510,False,2499,1674,33,True,False,False,19,5,12,4,13,472,568
1313290,False,1799,1799,0,True,False,False,17,3,5,3,9,531,497
2788520,False,1999,1999,0,True,False,False,7,3,4,3,14,499,487
1296400,False,2999,1199,60,True,False,False,9,2,5,2,13,517,529
832360,False,1999,1999,0,True,True,True,14,3,5,4,6,438,0
3265070,False,2299,2299,0,True,False,False,13,2,4,2,7,405,413
3047750,False,2499,1749,30,True,False,False,10,3,5,3,15,398,465
2094910,False,999,999,0,True,False,False,10,3,9,3,12,350,354
2487150,False,1999,1999,0,True,False,False,20,2,5,3,13,574,555
1429880,False,2499,2499,0,True,True,False,14,3,16,6,7,467,478
3404470,False,599,599,0,True,True,False,6,3,4,3,13,377,0
3069120,False,1299,1299,0,True,True,False,5,1,3,1,2,444,113
3558400,False,999,799,20,True,False,False,8,5,12,4,30,534,537
2212670,False,999,999,0,True,False,False,12,1,11,3,2,436,440
3151380,False,1299,974,25,True,False,False,14,1,2,3,9,461,468
2240080,False,599,599,0,True,True,False,7,1,4,5,23,384,395
2286780,False,1999,1999,0,True,False,False,10,2,6,4,5,321,0
2843190,False,1499,1499,0,True,True,False,19,3,5,2,14,420,427
1602000,False,1999,1999,0,True,False,False,11,4,11,4,9,579,578
2957700,False,1699,1699,0,True,False,False,18,2,5,4,4,456,436
2678830,False,1199,1199,0,True,False,False,7,6,5,4,2,386,0
3180150,False,1399,1399,0,True,False,False,12,1,10,4,20,396,443
1778840,False,2999,1799,40,True,False,False,13,5,6,3,9,598,617
2368930,False,999,649,35,True,True,False,8,3,13,4,15,435,440
1957760,False,699,489,30,True,False,False,16,1,3,3,9,300,96
2744010,False,1199,599,50,True,False,False,14,1,3,3,13,348,0
2714620,False,999,999,0,True,True,True,9,2,16,3,4,434,113
4015530,False,299,299,0,True,False,False,8,1,6,3,15,587,591
2665460,False,1999,1999,0,True,True,True,22,1,12,4,1,414,437
1940200,False,1499,1499,0,True,False,False,10,3,5,2,5,442,442
2194730,False,1299,870,33,True,False,False,12,12,7,3,26,468,472
1779030,False,1799,1799,0,True,True,True,6,1,3,3,1,370,113
3496000,False,999,999,0,True,True,True,18,1,14,4,14,449,113
2712380,False,999,999,0,True,False,True,18,1,12,4,4,439,442
1917850,False,1999,1999,0,True,False,False,9,4,5,4,11,593,332
1346840,False,1499,1499,0,True,True,False,17,1,5,1,9,381,113
3769130,False,499,324,35,True,False,False,13,1,7,2,11,307,0
2226430,False,1599,1599,0,True,True,False,12,4,9,4,3,216,175
2923390,False,1299,1299,0,True,False,False,11,1,6,3,17,457,504
3266090,False,1399,1105,21,True,False,False,15,4,8,4,18,485,504
3618390,False,699,489,30,True,False,True,7,2,11,4,11,248,321
3097300,False,799,799,0,True,False,False,10,2,14,3,1,376,379
2342690,False,1299,1299,0,True,False,False,21,3,3,7,2,388,0
3363270,False,799,799,0,True,False,False,11,6,4,2,11,339,113
3218530,False,1799,1079,40,True,True,False,7,3,5,5,4,440,113
2891020,False,999,999,0,True,False,False,6,2,5,3,13,442,449
3511030,False,499,499,0,True,False,False,9,1,7,2,16,427,0
3609750,False,799,799,0,True,True,False,6,3,7,3,13,324,113
3177890,False,1299,1299,0,True,False,False,7,1,9,3,2,317,0
3981100,False,599,599,0,True,False,False,6,1,12,3,13,338,0
3064030,False,585,585,0,True,False,False,13,1,3,2,8,377,0
3399960,False,599,599,0,True,False,False,6,1,4,3,10,421,432
3606830,False,1299,1299,0,True,False,False,10,1,4,3,4,172,167
2390230,False,1299,1299,0,True,True,False,10,1,6,4,12,277,291
2096030,False,1599,959,40,True,False,False,23,11,10,3,12,449,407
3370870,False,799,799,0,True,False,False,8,1,12,3,1,432,113
3003460,False,799,799,0,True,True,False,17,1,17,3,4,455,343
1793330,False,1999,1999,0,True,False,False,11,1,10,3,9,380,267
3036010,False,999,999,0,True,False,False,10,2,6,4,13,483,0
3422270,False,1999,1999,0,True,False,False,14,1,2,4,12,381,385
2871440,False,1499,1499,0,True,True,False,11,4,13,2,5,456,467
4067130,False,399,399,0,True,False,False,6,1,6,5,10,299,306
3694480,False,699,699,0,True,True,True,8,1,10,2,19,266,98
2760790,False,699,699,0,True,False,False,7,3,9,3,7,245,0
2915380,False,1799,1799,0,True,False,False,6,2,9,3,6,428,0
2654540,False,599,599,0,True,False,False,12,1,4,6,3,373,0
3613270,False,1799,1799,0,True,False,False,12,2,10,3,17,484,492
2718240,False,899,899,0,True,False,False,10,2,3,3,11,382,113
3208560,False,599,599,0,True,False,False,7,1,10,4,11,295,0
3659410,False,799,799,0,True,False,False,7,3,9,4,10,316,320
3204020,False,1999,1999,0,True,False,False,7,2,5,2,2,366,113
2185030,False,1799,1799,0,True,False,False,7,1,13,3,13,430,113
2827680,False,999,999,0,True,False,False,9,2,5,4,8,400,404
3136330,False,699,699,0,True,False,False,10,3,4,3,16,326,329
3362960,False,1699,1699,0,True,True,True,11,1,12,3,12,403,408
4030290,False,1299,1299,0,True,False,False,6,1,8,4,2,506,483
2817390,False,1499,1499,0,True,False,False,10,1,3,3,3,368,444
3124550,False,999,579,42,True,False,False,9,2,11,3,17,417,458
2428800,False,1299,909,30,True,True,False,17,1,9,3,6,355,113
2811530,False,1299,1299,0,True,False,False,21,2,3,3,13,464,469
3651310,False,699,699,0,True,False,False,7,2,10,3,10,443,113
3327470,False,999,999,0,True,False,False,8,1,4,3,13,432,113
2988300,False,599,599,0,True,False,False,7,2,7,3,6,389,113
3521410,False,999,999,0,True,True,True,13,1,10,4,11,449,113
3355800,False,1499,1499,0,True,False,False,16,1,5,5,15,449,453
3058360,False,1399,1399,0,True,False,False,10,2,7,5,12,520,450
3140120,False,999,999,0,True,False,False,5,2,11,2,9,373,113
2402630,False,999,789,21,True,False,False,15,2,6,6,11,397,403
