appid,num_ok,w_mean,w_med,w_min,w_max,h_mean,h_med,h_min,h_max,bright_mean,bright_med,bright_min,bright_max,cont_mean,cont_med,cont_min,cont_max,sharp_mean,sharp_med,sharp_min,sharp_max,edge_mean,edge_med,edge_min,edge_max,hue_mean,hue_med,hue_min,hue_max,sat_mean,sat_med,sat_min,sat_max,col_mean,col_med,col_min,col_max,ent_mean,ent_med,ent_min,ent_max
4000,4,1920.0,1920.0,1920.0,1920.0,1080.0,1080.0,1080.0,1080.0,136.4366857156636,135.08504484953704,114.63853925540124,160.93811390817902,63.154998355423615,64.38949247345677,51.05756293524776,72.78344553953319,691.0569422567594,679.0927683487355,526.510956092194,879.5312762373727,0.0544678337191358,0.051392988040123454,0.02911892361111111,0.08596643518518518,59.180004340277776,72.22794511959877,16.929072145061728,75.33505497685185,64.53422188464506,61.58947820216049,51.121383101851855,83.8365480324074,38.30760669708252,33.67856025695801,31.974132537841797,53.899173736572266,7.505959391593933,7.551415681838989,7.105467796325684,7.81553840637207
48700,4,1380.0,1280.0,1280.0,1680.0,862.5,800.0,800.0,1050.0,138.25695275685143,141.6129697265625,113.25046825396825,156.5514033203125,50.47910706681735,52.190124738542224,29.27037895350639,68.26579983667855,573.0763244944195,381.33347589860864,42.78577979133511,1486.8525663891257,0.04396729622838719,0.04785744401927437,0.0093154296875,0.0708388671875,62.94299883631839,66.58672032888677,22.419169921875,96.179384765625,54.34935392474046,52.4074638671875,25.1283564453125,87.45413151927437,22.539055347442627,21.329484939575195,16.41265296936035,31.084598541259766,7.181066393852234,7.344500541687012,6.464996814727783,7.570267677307129
105600,4,1280.0,1280.0,1280.0,1280.0,720.0,720.0,720.0,720.0,62.8107359483507,48.8330419921875,20.13761935763889,133.43924045138888,39.615072857464334,38.627159649072155,24.694856844606278,56.51111528710674,1084.1834802111196,934.8988828873311,769.5378478459664,1697.3983072238498,0.04368055555555555,0.03736165364583333,0.03568793402777778,0.06431098090277777,81.84303385416666,81.93937228732639,58.999378255208335,104.49401258680555,110.59130832248265,104.94681586371527,56.73958441840278,175.73201714409723,59.093812465667725,64.19511795043945,23.363454818725586,84.6215591430664,6.195428848266602,6.201362133026123,5.640745162963867,6.738245964050293
108600,4,1761.25,1824.0,1477.0,1920.0,1001.75,1048.5,830.0,1080.0,73.70009253831897,79.82066113057195,27.45737125890155,107.70167663323045,43.83322658123703,38.52592090579941,22.988758747300892,75.2923057660484,681.58114857157,436.42670667599214,210.05790750848703,1643.4132734258087,0.04084965989518282,0.034582121573630394,0.026803626543209877,0.06743076989026063,61.802309266346505,53.92857789966405,23.381959523945476,115.97012174211248,48.97691313902903,45.58348224379226,26.48116657021605,78.25952149831554,11.93094277381897,10.711232662200928,8.801115036010742,17.50019073486328,6.55449116230011,6.712614059448242,5.767873764038086,7.024862766265869
211820,4,1526.75,1633.0,921.0,1920.0,859.0,918.5,519.0,1080.0,31.655565025990384,33.16960216720361,11.165946394554313,49.117109375,25.712592795598272,27.198761535127126,19.313075020966536,29.139773091172295,1006.4577552904459,628.9909052305395,213.3196405554408,2554.5295701452637,0.043765552269237715,0.04194382241307129,0.007871042695323845,0.08330352155548443,63.353091229875474,71.48488651070744,9.64018645372413,100.80240544436285,97.6737346160874,104.89597004304898,44.74654407604599,136.15645430220565,23.02896499633789,20.769065856933594,17.144573211669922,33.43315505981445,4.853432595729828,5.19536018371582,2.778233766555786,6.244776248931885
219640,4,1280.0,1280.0,1280.0,1280.0,720.0,720.0,720.0,720.0,57.21459499782986,51.95022623697916,48.98651258680555,75.97141493055555,51.183892685844526,50.74834720479843,40.1164628403354,63.12241349344585,1300.8273402110128,1374.6805899151432,608.1519086371515,1845.7962723766138,0.10194037543402779,0.10017415364583333,0.07365776909722223,0.13375542534722223,44.33119466145833,37.20863389756944,20.242116970486112,82.66539388020833,73.71480740017361,79.32382541232639,50.20515299479167,86.00642578125,29.421884536743164,28.744118690490723,15.785528182983398,44.41377258300781,6.406109809875488,6.3285791873931885,6.2082695960998535,6.759011268615723
219740,4,1280.0,1280.0,1280.0,1280.0,720.0,720.0,720.0,720.0,62.27631456163195,57.826220703125,41.29478190104167,92.15803493923612,39.882366029308244,39.895684711648926,33.58548773244635,46.152606961488765,323.5115588080595,254.12952960941058,176.34456223626668,609.4426137771501,0.06344862196180555,0.05854112413194444,0.03184678819444445,0.10486545138888889,25.85661404079861,24.52406467013889,20.35631076388889,34.02201605902778,152.24349121093746,145.74723253038195,143.84008029513888,173.63941948784722,40.54649639129639,38.831969261169434,28.56996726989746,55.95207977294922,7.014554858207703,6.98466682434082,6.696628093719482,7.3922576904296875
220200,4,1919.0,1919.0,1918.0,1920.0,1079.0,1079.0,1078.0,1080.0,75.32033376912317,74.48862152914309,27.553236983484265,124.75085503472222,41.28748338866203,41.827806315384464,30.1626472187598,51.33167370511942,287.2082039213886,317.7271642689644,161.57338833090327,351.80509881672225,0.021650510621259136,0.02134717286288864,0.014030671296296296,0.029877025462962965,86.90552514425919,72.90123075590182,67.09365671569604,134.72598234953705,74.99265291569773,83.57700496720679,45.9298985685847,86.88670315979269,32.21075892448425,33.73979663848877,14.070809364318848,47.292633056640625,6.152472019195557,6.375202655792236,4.793390274047852,7.066092491149902
222880,4,1280.0,1280.0,1280.0,1280.0,720.0,720.0,720.0,720.0,67.82727484809027,58.192072482638885,23.931752387152777,130.99320203993057,51.785028657576305,54.7519088629131,32.51654617584791,65.11975072863112,736.0109818534896,329.09795029157414,116.09300781242466,2169.755019018385,0.048957248263888885,0.030792100694444446,0.005840928819444444,0.12840386284722222,38.93556884765625,40.850392252604166,18.745807291666665,55.29568359375,104.62588406032987,87.05852810329861,54.661654730902775,189.72482530381944,30.819579601287842,27.2299861907959,20.82651710510254,47.99182891845703,6.819221138954163,6.935080289840698,5.570889949798584,7.83583402633667
227300,4,1920.0,1920.0,1920.0,1920.0,1080.0,1080.0,1080.0,1080.0,110.52261827256945,119.56715446566358,80.11334490740741,122.8428192515432,60.27594948118505,61.33685986019387,53.855037711988864,64.57504049236361,1571.71553674187,1592.2006661186804,971.7118789710528,2130.7489357590666,0.07159625771604938,0.07555917245370371,0.04961853780864198,0.08564814814814815,74.20275752314815,73.5543303915895,71.71159143518518,77.9907778742284,84.00588348765433,88.2747600790895,64.30368200231482,95.17033179012346,49.28663921356201,49.33684539794922,45.53293228149414,52.93993377685547,7.712523341178894,7.741042375564575,7.48544979095459,7.882558822631836
230290,4,1920.0,1920.0,1920.0,1920.0,1080.0,1080.0,1080.0,1080.0,71.05749770929785,60.38045693479938,29.99464699074074,133.47442997685187,49.0483091291121,48.43363743491813,37.60820750858368,61.71775413802843,569.5509969379146,429.7322112151903,271.32738563438176,1147.4121796868963,0.029417076581790127,0.028431954089506172,0.016879340277777776,0.04392505787037037,50.45475815007716,44.1930931712963,27.059657118055554,86.3731891396605,96.58303578317903,86.39655020254631,67.4098259066358,146.12921682098766,38.9456262588501,33.694350242614746,19.039243698120117,69.35456085205078,6.637740135192871,6.585858106613159,5.684956073760986,7.69428825378418
233450,4,1920.0,1920.0,1920.0,1920.0,1080.0,1080.0,1080.0,1080.0,101.8532455632716,101.35485773533951,83.05269724151235,121.65056954089506,57.48365332240175,57.633874036327725,50.67517877170952,63.991686445242024,1693.4146907958907,1656.2927212638901,631.9568760184972,2829.116444637286,0.12306966145833333,0.12174430941358025,0.08515721450617283,0.1636328125,37.64297899787809,36.01937620563272,25.369228877314814,53.163934702932096,86.77658733603394,87.03023051697531,62.013543113425925,111.03234519675927,52.29977035522461,51.046396255493164,48.49009323120117,58.61619567871094,7.580783843994141,7.563952922821045,7.418318748474121,7.776910781860352
233860,4,1908.0,1904.0,1904.0,1920.0,1033.5,1042.0,1000.0,1050.0,97.06908244531218,96.5650123278198,90.75905760576784,104.38724751984127,44.586025059292865,44.33616679930214,33.29345521110855,56.37831142745861,1181.9652639094988,1242.3119228529836,404.95181137755077,1838.2853985544766,0.09002312684310768,0.09353013044229208,0.02642857142857143,0.14660367505927516,47.10327571481047,46.62904324652526,23.385764790561137,71.76925157563025,83.9300442454353,84.0519223455217,68.62988442460318,98.98644786609461,40.29261541366577,41.288238525390625,24.113691329956055,54.48029327392578,7.1658034324646,7.218414306640625,6.706003189086914,7.520381927490234
235540,4,1920.0,1920.0,1920.0,1920.0,1064.5,1080.0,1018.0,1080.0,44.57909689179833,39.675937562531836,29.93455680941358,69.02995563271605,40.88975595281781,36.73001270927631,26.799513326542193,63.29948506617643,237.46966264310595,211.702644138239,44.58205616439914,481.8913061315466,0.030275754730817506,0.02702599827336341,0.009146894290123457,0.05790412808641975,59.953690041208475,60.361316309799385,44.264139660493825,74.82798788474132,75.05131959082578,71.88058521412037,61.17130556237721,95.27280237268519,16.687098503112793,17.53279399871826,13.639780044555664,18.043025970458984,6.671399116516113,6.536367416381836,6.231451511383057,7.381410121917725
240720,4,1920.0,1920.0,1920.0,1920.0,1080.0,1080.0,1080.0,1080.0,89.97654272762347,91.43225212191359,77.7341015625,99.30756510416667,48.15798211419197,47.970748116797424,46.2500492023978,50.44038302077522,190.33222029503418,206.59256484531505,118.01428674150608,230.1294647480006,0.029520158179012344,0.032429591049382714,0.014680748456790123,0.03854070216049383,46.622977068865744,47.02977285879629,44.008234953703706,48.424127604166664,114.46271207079475,113.22719087577161,111.05863522376544,120.33783130787037,50.70466995239258,49.997703552246094,48.83523178100586,53.988040924072266,7.141992211341858,7.166186571121216,6.954751968383789,7.280843734741211
242760,4,1920.0,1920.0,1920.0,1920.0,1080.0,1080.0,1080.0,1080.0,48.76675371334876,60.056672453703705,3.7199223572530866,71.23374758873457,45.28482142239551,53.8145568624643,7.2965040365394875,66.21366792811395,302.86224837716907,229.1789031115412,5.747581972572153,747.3436053130216,0.0474854118441358,0.05126398533950617,0.0004427083333333333,0.08697096836419753,37.628483796296294,37.64102213541666,26.977236207561727,48.25465470679012,94.1108389998071,98.14342206790124,65.32771508487654,114.82879677854939,21.071532011032104,22.767451286315918,13.564702033996582,25.1865234375,6.0416852831840515,6.945818662643433,3.162379503250122,7.112724304199219
244210,4,1920.0,1920.0,1920.0,1920.0,1080.0,1080.0,1080.0,1080.0,114.93942189911266,113.75600935570988,104.25825954861111,127.98740933641976,56.05518016403658,58.2619759251955,43.61829825819939,64.07847054755591,518.8202576985917,440.115073670467,282.8962962944953,912.1545871589378,0.04990318769290123,0.04324001736111111,0.02306712962962963,0.09006558641975308,58.66645917727624,57.42531828703704,52.26605516975309,67.54914496527778,69.73467110339507,72.248761091821,57.748988715277775,76.6921735146605,51.93244457244873,53.17017364501953,32.102046966552734,69.28738403320312,7.605012059211731,7.636413812637329,7.43255615234375,7.714664459228516
246620,4,1878.5,1920.0,1754.0,1920.0,1056.75,1080.0,987.0,1080.0,71.24039138432427,75.16909825861768,53.90771122685185,80.71565779320987,44.13373715926643,39.5518713080869,34.68133818326908,62.749867837622844,732.7750072154664,702.8888180438255,466.8796062740101,1058.4427865002042,0.040547112049588954,0.04380086954670878,0.01982638888888889,0.05476032021604938,93.04635718075848,76.35036578896606,59.243921682098765,160.24077546300308,165.38718339688882,164.99310497857698,148.22012731481482,183.34239631558643,48.22069835662842,47.20729637145996,42.94847106933594,55.51972961425781,6.904406905174255,6.897608518600464,6.795364856719971,7.027045726776123
250900,4,1200.0,960.0,960.0,1920.0,675.0,540.0,540.0,1080.0,27.10391915027006,25.383399643132716,21.082029320987655,36.56684799382716,23.600496035805016,23.304146324731548,18.62780365555758,29.165887838199385,258.4051375568526,249.42348928610394,89.35867128803525,445.41490036716726,0.009742838541666667,0.009869550540123458,0.006682098765432099,0.012550154320987654,36.25244526427469,13.2505362654321,10.520451388888889,107.98825713734568,97.77946650752314,104.51963348765432,62.84007667824074,119.23852237654322,30.57607889175415,23.03300189971924,18.763778686523438,57.47453308105469,5.6077797412872314,5.5990190505981445,5.28381872177124,5.9492621421813965
252490,4,1920.0,1920.0,1920.0,1920.0,1080.0,1080.0,1080.0,1080.0,120.48779176311729,124.21982228973766,100.88497926311729,132.62654320987653,64.6330418864639,65.958684368581,60.42051001316168,66.1942887955319,1267.6460182717985,1011.7574813001447,470.4677496093964,2576.6013608775083,0.08164689429012346,0.09054277584876544,0.033783757716049384,0.11171826774691358,58.79688838252314,55.11966507523148,44.9350178433642,80.01320553626543,64.88031792534723,63.72566888503087,56.697100694444444,75.37283323688271,27.01959466934204,25.072047233581543,23.754314422607422,34.179969787597656,7.577256202697754,7.598442316055298,7.287972450256348,7.824167728424072
257510,4,1920.0,1920.0,1920.0,1920.0,1080.0,1080.0,1080.0,1080.0,103.61532238618827,103.36544801311729,84.28805652006173,123.4423369984568,61.1023134279463,62.45296128636373,52.40704544863763,67.09628569042012,833.9040895276153,831.1680695951758,163.2724587285092,1510.0077601916003,0.06865668402777778,0.06623263888888889,0.025656346450617283,0.11650511188271605,45.89962999131944,47.913949652777774,16.680109471450617,71.0905111882716,76.87098331404322,75.29575231481482,45.722011477623454,111.17041714891975,35.3966064453125,34.35184097290039,28.032554626464844,44.850189208984375,7.497804403305054,7.5531837940216064,7.164801597595215,7.720048427581787
262060,4,1920.0,1920.0,1920.0,1920.0,1080.0,1080.0,1080.0,1080.0,16.53536795910494,15.359202594521605,12.805268614969135,22.617798032407407,27.54442224509936,25.67982432742408,23.559272085279005,35.25876824027028,755.0777475068014,651.4645150801427,466.0836607735951,1251.298299093325,0.05216796875,0.04526331018518519,0.042767650462962964,0.07537760416666667,34.936606626157406,36.7046713445216,14.590598958333333,51.74648485725309,78.28908010223765,82.86340832368828,41.88546633873457,105.54403742283951,24.137458324432373,23.521918296813965,18.50339126586914,31.002605438232422,4.874642491340637,4.892125606536865,4.524068832397461,5.190249919891357
264710,4,1920.0,1920.0,1920.0,1920.0,1080.0,1080.0,1080.0,1080.0,66.5426481722608,71.03369429976851,50.840435956790124,73.26276813271605,40.02022571546863,40.74966794378753,36.0517044019902,42.529862572309234,288.0691289180106,297.39461622980707,140.8563531051061,416.63093010732223,0.04183002989969136,0.03971088927469136,0.016177662037037036,0.07172067901234568,74.43359507619599,79.16675250771605,36.354968653549385,103.04590663580247,151.35810293692128,151.02251977237654,130.80283950617283,172.58453269675925,57.111358642578125,54.08699417114258,43.938011169433594,76.33343505859375,7.024539947509766,7.045428991317749,6.862329006195068,7.144972801208496
268910,4,1920.0,1920.0,1920.0,1920.0,1080.0,1080.0,1080.0,1080.0,132.4926306905864,119.83730926890432,94.11205488040123,196.1838493441358,53.05213842616287,52.17985079031675,51.64396527067357,56.20488685334441,144.37089196513395,38.416003919513244,29.925080956595885,470.7264790649133,0.03004026813271605,0.02933617862654321,0.018352623456790125,0.043136091820987654,70.14754436728396,70.27797067901234,47.46816647376543,92.56606963734568,73.35435450424383,75.87503592785494,60.37341579861111,81.29393036265432,48.81176948547363,46.455976486206055,43.13359069824219,59.201534271240234,6.24146968126297,7.535234212875366,2.3129537105560303,7.582456588745117
275850,4,1920.0,1920.0,1920.0,1920.0,1080.0,1080.0,1080.0,1080.0,122.21094171971453,125.77347752700618,67.63063705632716,169.66617476851852,47.57103374189426,47.56446324402786,36.062360077786785,59.092848401734535,464.5505315322523,427.2390208581928,218.66395661580881,785.0601277968148,0.0493555893132716,0.0415772087191358,0.03259259259259259,0.08167534722222222,88.53943287037038,92.59196252893518,71.93787229938272,97.03593412422839,128.4569964072145,123.35041449652778,49.874308931327164,217.2528477044753,61.61058044433594,66.22649955749512,26.598636627197266,87.39068603515625,7.23992919921875,7.182933330535889,7.005230903625488,7.588619232177734
282070,4,1920.0,1920.0,1920.0,1920.0,1080.0,1080.0,1080.0,1080.0,62.55239064911265,57.38473307291667,41.801441936728395,93.6386545138889,66.4733109862526,66.88896349821148,55.81572848006487,76.29958846852256,1758.8814335265736,1016.062288238416,761.7228742248192,4241.6782834046435,0.07923647280092594,0.06797718942901235,0.037077546296296296,0.14391396604938272,54.95329800829475,47.109017168209874,25.791605420524693,99.80355227623457,49.198632209683645,47.53235387731482,39.478712866512346,62.251108217592595,15.728211164474487,15.72066879272461,11.556357383728027,19.915149688720703,6.9599848985672,6.759284734725952,6.607373237609863,7.713996887207031
285900,4,1920.0,1920.0,1920.0,1920.0,1080.0,1080.0,1080.0,1080.0,128.13167100694443,127.33484616126543,119.35134307484567,138.50564863040123,57.85554761516117,58.8440492028575,48.98474231500099,64.74934973992869,221.71461350738377,146.76253156794425,122.72856307312115,470.60482782052543,0.03628749517746913,0.037836612654320985,0.029772858796296296,0.03970389660493827,67.57151174286265,63.567592110339504,53.76464168595679,89.38622106481482,114.17570264274691,122.17267529899692,75.11894820601852,137.2385117669753,80.87950229644775,84.19421768188477,50.8479118347168,104.28166198730469,7.631994009017944,7.643603086471558,7.498597621917725,7.7421722412109375
286160,4,1920.0,1920.0,1920.0,1920.0,1080.0,1080.0,1080.0,1080.0,70.2140510464892,69.39841796875,61.24259403935185,80.81677420910493,49.404905419689115,51.04461056381091,30.417060130474113,65.11334042066049,239.96748132804257,202.7391619713174,162.51687788726338,391.8747234822721,0.03149619020061728,0.03147882908950617,0.028462094907407406,0.03456500771604938,18.71417956693673,18.80824604552469,16.546514756944443,20.693711419753086,128.67396592881943,127.1428672357253,115.75189187885802,144.65823736496912,42.358314514160156,42.54568099975586,37.06797790527344,47.27391815185547,6.9716717004776,7.068259000778198,6.61787223815918,7.132296562194824
291650,4,1920.0,1920.0,1920.0,1920.0,1067.5,1080.0,1030.0,1080.0,36.20233560671184,34.49075038580247,19.47996308656958,56.34787856867284,35.671863795389235,33.69688895165407,29.840589365558994,45.45308791268982,927.2744222312296,1044.231961302282,321.9927656496941,1298.641000670661,0.08912866933731871,0.08307508680555556,0.037227447411003235,0.1531370563271605,73.9734639244258,78.66504605516975,28.914105987055017,109.64965760030864,86.09290764666112,78.61660276813271,53.34387692152104,133.79454812885803,18.782158613204956,18.895645141601562,15.813380241394043,21.523963928222656,6.127707839012146,6.154217958450317,5.2220540046691895,6.98034143447876
294100,4,1920.0,1920.0,1920.0,1920.0,1080.0,1080.0,1080.0,1080.0,68.77189043209877,65.61489872685186,44.62030719521605,99.2374570794753,35.002998675427705,34.8357456760851,29.024804223817366,41.31569912572326,1407.2248862553124,1260.4139360726172,814.6367037616296,2293.4349691143852,0.058615692515432104,0.062189429012345684,0.034674961419753084,0.07540895061728395,65.92214662905093,75.4665731095679,17.718271122685184,95.03716917438271,115.78971281828704,106.31957513503086,91.98732880015432,158.5323722029321,38.025954723358154,37.18720054626465,27.703516006469727,50.025901794433594,6.1513694524765015,6.561098575592041,4.688806056976318,6.7944746017456055
304430,4,1920.0,1920.0,1920.0,1920.0,1080.0,1080.0,1080.0,1080.0,47.635942201967595,48.486768180941354,24.411891878858025,69.15834056712963,37.06287603867952,36.370506524360295,25.287986573265727,50.222504532731776,43.4146907064305,45.575043621510225,23.629011862318666,58.87966372038288,0.0072920283564814805,0.007414400077160494,0.003664158950617284,0.010675154320987654,91.64032081886575,95.04635874807099,79.22818335262346,97.24038242669754,51.284573567708335,49.94070625964506,45.7271484375,59.52973331404321,10.186456561088562,8.955376148223877,7.990410327911377,14.844663619995117,6.2968010902404785,6.479814767837524,5.665782451629639,6.561792373657227
305620,4,1757.0,1914.0,1280.0,1920.0,966.0,1080.0,624.0,1080.0,53.01383425004738,48.163704574480434,23.557417534722223,92.17051031650641,38.14352288090487,37.67280422129483,30.826534111843,46.401948969186805,52.52976014187189,39.518991667872385,17.04812885802097,114.03292837372179,0.012049549241342748,0.007387839279059196,0.00334008487654321,0.030082433530709392,78.51845442692199,84.26454558317633,27.087956190255042,118.45677035108025,98.07557062091318,98.67150843975753,45.43366616355122,149.52559944058643,22.420300722122192,26.275529861450195,7.386916160583496,29.743227005004883,6.545296669006348,6.617323875427246,5.7924957275390625,7.154043197631836
311690,4,1920.0,1920.0,1920.0,1920.0,1080.0,1080.0,1080.0,1080.0,47.794132788387344,50.12668209876543,30.476634837962962,60.44653211805556,51.04722219822624,55.30659323627003,32.12868357158395,61.447018748780934,676.2339819599426,655.3467874183964,498.4999109756781,895.7424420272994,0.03818094135802469,0.04059702932098765,0.020481288580246913,0.051048418209876545,74.26353877314816,82.42229263117284,19.55402488425926,112.65554494598766,112.85788158275463,115.7824380304784,70.6600675154321,149.20658275462964,59.06031322479248,52.99648857116699,39.732688903808594,90.51558685302734,6.544690012931824,6.8041534423828125,5.738221645355225,6.832231521606445
313630,4,1920.0,1920.0,1920.0,1920.0,1080.0,1080.0,1080.0,1080.0,96.11882547260802,113.94546006944444,22.50304976851852,134.08133198302468,58.36520688846101,57.6866539996856,45.62070736356123,72.46681219091161,422.3552688362414,433.3878000240916,168.61309398258456,654.0323813141979,0.06274028260030864,0.06493827160493827,0.02285011574074074,0.09823447145061728,69.97030309606481,66.67395326967593,37.98392554012346,108.54938030478395,88.37692274305556,79.02489703896606,74.95727334104939,120.50062355324074,40.39504313468933,46.583351135253906,11.581164360046387,56.832305908203125,6.928505897521973,7.682780504226685,4.569958686828613,7.778503894805908
322170,4,1920.0,1920.0,1920.0,1920.0,1080.0,1080.0,1080.0,1080.0,45.78699845679013,46.97410276813272,22.805925925925926,66.39386236496914,42.454763126667785,42.51992117872484,37.257668318937476,47.52154183028398,243.3025558826772,244.13867319539082,148.46605192954445,336.4668252103827,0.031393952546296296,0.03490740740740741,0.011885609567901235,0.043875385802469136,105.60035674672068,117.60213927469135,62.41251591435185,124.78463252314815,204.71863859953703,203.9717717978395,174.6477170138889,236.28329378858024,82.70424270629883,82.03221130371094,54.37562561035156,112.37692260742188,5.88920259475708,6.039614677429199,4.959725379943848,6.517855644226074
322330,4,1920.0,1920.0,1920.0,1920.0,1080.0,1080.0,1080.0,1080.0,64.72661627121914,70.57806929976852,43.875629340277776,73.87469714506173,51.254452011636175,47.14745914066271,42.15884894722368,68.5640408179956,873.60013952709,676.9306150685627,271.0803853905437,1869.4589425806914,0.07911012249228395,0.06465494791666668,0.04732494212962963,0.13980565200617284,45.33903272087192,35.14745249807099,16.868832947530866,94.19239293981481,105.45350260416666,113.97596643518519,69.66103250385802,124.20104504243827,34.348347187042236,30.61822509765625,23.939146041870117,52.21779251098633,7.181177616119385,7.237529516220093,6.828497409820557,7.421154022216797
346110,4,1840.0,1920.0,1600.0,1920.0,1035.0,1080.0,900.0,1080.0,93.5053672839506,86.00189945023148,80.5837109375,121.43395929783951,60.609102733829886,60.0560420811327,55.99214396062859,66.33218281242553,625.5919949731838,582.8586580606138,363.9023035601309,972.7483602113768,0.06321963734567901,0.06339964313271605,0.02841676311728395,0.0976625,57.86896550925927,56.780896267361115,31.648304166666666,86.26576533564815,83.24908091242284,82.95341796874999,53.059791184413584,114.02969652777777,37.452730655670166,35.25832653045654,25.971446990966797,53.32282257080078,7.520792484283447,7.513803243637085,7.382597923278809,7.6729655265808105
361420,4,1340.25,1147.0,1147.0,1920.0,753.75,645.0,645.0,1080.0,89.72422449041139,89.60896102403979,45.246484594121505,134.43249131944444,46.594884241926465,45.601075818716694,39.60946665642617,55.567918673846314,605.2818838092816,549.2171561576603,87.97460398339352,1234.7186189384122,0.047856945927156835,0.048568898981502136,0.0215258487654321,0.07276413698019099,127.15962858953094,128.82553509989344,107.19427694761528,143.7931672107216,167.25445290768985,163.83114224502071,126.1254615162037,215.23006562451422,82.5438461303711,82.98345184326172,51.37336730957031,112.83511352539062,7.137357711791992,7.2346343994140625,6.708250522613525,7.371911525726318
362890,4,1920.0,1920.0,1920.0,1920.0,1080.0,1080.0,1080.0,1080.0,40.82563006365741,42.29034794560185,34.07556568287037,44.646258680555555,38.60758272955477,41.09833050511594,24.34970434959168,47.883965558395495,210.1056750117078,163.55178435617572,83.59765227274791,429.72147906173177,0.018272810570987653,0.018984374999999998,0.009895833333333333,0.025226658950617285,77.83376422646606,88.16557364004629,14.747454668209876,120.25645495756173,161.34491235050155,157.84889925733023,103.91556037808643,225.76629050925925,41.18490743637085,45.16765785217285,17.267793655395508,57.13652038574219,6.479007005691528,6.420452117919922,6.223137378692627,6.851986408233643
367520,4,1920.0,1920.0,1920.0,1920.0,1080.0,1080.0,1080.0,1080.0,86.68948350694444,84.54304181134259,58.860770158179015,118.81108024691358,59.412081697107595,58.0296273429541,39.080799691145636,82.50827241137654,100.66812182709879,88.22606550372774,28.207966326538468,198.01238997440117,0.02651282793209877,0.031220100308641974,0.008650173611111112,0.0349609375,113.61456247588734,104.8613739390432,85.84156346450617,158.8939385609568,134.05092206790124,127.89064356674382,87.53539255401235,192.88700858410493,54.44208908081055,55.5017204284668,34.23657989501953,72.52833557128906,7.443817138671875,7.508050918579102,7.022397994995117,7.73676872253418
376210,4,1920.0,1920.0,1920.0,1920.0,1080.0,1080.0,1080.0,1080.0,77.68409927179785,76.78463252314815,56.67952208719136,100.48760995370371,46.98248478160977,43.47059024408399,32.329095002844205,68.6596636354269,830.3038129549576,730.9369142899441,216.8430853937929,1642.4983378461495,0.07575038580246914,0.07369333526234567,0.05496286651234568,0.10065200617283951,52.748089916087956,51.57605179398148,33.721148244598766,74.11910783179012,69.63205258969907,65.97566695601853,51.24888406635802,95.32799238040124,21.05225658416748,20.52738666534424,18.450834274291992,24.703418731689453,7.080677390098572,7.0806732177734375,6.918201923370361,7.243161201477051
379430,4,1920.0,1920.0,1920.0,1920.0,1080.0,1080.0,1080.0,1080.0,69.25138720100308,69.98254219714507,59.751512827932096,77.28895158179013,61.76115591016544,64.31483263491617,37.877229177171586,80.53772919365784,1222.4409880445612,1477.7925496588905,357.17092113176636,1577.0079317286975,0.08950870466820987,0.10330005787037036,0.03155478395061728,0.11987991898148148,38.03972378954475,42.68174623842593,17.418338638117284,49.37706404320988,81.9334319540895,81.68663652584877,68.64270399305556,95.71775077160494,28.925251483917236,29.566762924194336,22.929330825805664,33.63814926147461,7.050191164016724,7.122859716415405,6.5448808670043945,7.4101643562316895
383870,4,1920.0,1920.0,1920.0,1920.0,1080.0,1080.0,1080.0,1080.0,93.18223620756173,90.93211974344136,60.6113175154321,130.2533878279321,55.55700809449186,60.239867595801044,31.500265703493618,70.24803148287174,1156.870252831509,1124.8015277218005,235.86237894005586,2142.01557694238,0.07117078993055556,0.06490113811728394,0.024890046296296296,0.12999083719135804,60.01719919463734,68.56916835455247,15.567628761574074,87.36283130787037,161.3235792824074,165.9273377218364,104.8430184220679,208.5966232638889,59.67633819580078,53.68111610412598,48.58750534057617,82.755615234375,7.240957856178284,7.361954927444458,6.5356645584106445,7.704257011413574
387990,4,1920.0,1920.0,1920.0,1920.0,1080.0,1080.0,1080.0,1080.0,96.28999216338734,94.31198447145061,78.6071344521605,117.92886525848765,46.37550124930762,48.18839410370503,35.28651579811444,53.83870099170597,322.9365217001438,305.1051937719552,165.53848227582014,515.9972169808448,0.047160976080246914,0.04182653356481482,0.03587673611111111,0.06911410108024692,56.40629846643519,48.852079716435185,38.79140239197531,89.12963204089506,132.86832212094907,132.68049286265432,93.23885175540123,172.87345100308642,71.71758937835693,67.95232200622559,59.996253967285156,90.9694595336914,7.039007067680359,7.037079334259033,6.895942687988281,7.185926914215088
391540,4,638.5,640.0,634.0,640.0,479.0,480.0,476.0,480.0,42.08406657634527,41.021482762065546,22.226341145833334,64.06695963541667,62.87970338820962,66.32470734056693,48.96276618387608,69.90663268782852,3556.025550371894,3509.924172121018,1081.1686002604167,6123.085256985124,0.04072343933198773,0.04076816772647545,0.017779947916666667,0.06357747395833334,38.30075183990937,37.392696940104166,5.819582880470801,72.59803059895833,54.977417564414,50.96877393091133,35.389541015625,82.58258138020834,53.56101703643799,54.88308525085449,36.58528137207031,67.89261627197266,2.2172752022743225,2.0390344858169556,1.4610629081726074,3.3299689292907715
392110,4,1920.0,1920.0,1920.0,1920.0,1080.0,1080.0,1080.0,1080.0,49.18848898051698,52.19224705825617,36.32358603395062,56.04587577160494,50.05902668221729,50.85874828780064,37.65145238302382,60.86715777024403,446.26447933985514,243.655588829191,73.73604889516017,1224.0106908058783,0.02375759548611111,0.01687331211419753,0.009625771604938271,0.05165798611111111,58.648537688078704,55.41261839313272,25.901076871141974,97.8678370949074,124.6269964072145,128.70653645833335,51.52840760030864,189.56650511188272,53.828697681427,54.34901809692383,26.278566360473633,80.33818817138672,6.791281819343567,6.863562822341919,6.347019195556641,7.090982437133789
413150,4,1897.0,1920.0,1828.0,1920.0,1080.0,1080.0,1080.0,1080.0,71.91128297814392,73.72671887874152,18.02247444058642,122.16921971450617,38.826276097738074,38.69805470175059,23.421576521064548,54.487418466386565,907.4198616719027,801.2962048954607,142.36101273058748,1884.7260241661018,0.09705412826581368,0.11278013153162736,0.011887056327160493,0.1507691936728395,50.59723386066706,39.641433015046296,25.472066454475307,97.63400295810034,183.90582053172992,201.5974319585216,124.48409722222222,207.94432098765432,73.93006420135498,78.04298782348633,25.556293487548828,114.07798767089844,6.258998990058899,6.617956638336182,4.53124475479126,7.268837928771973
414340,4,1920.0,1920.0,1920.0,1920.0,1080.0,1080.0,1080.0,1080.0,79.22628110532406,85.79992790316358,38.420163483796294,106.88510513117284,50.294320173794276,52.405481223189106,25.95248894905346,70.4138292997454,291.2017463290283,281.809088796791,152.30421883888172,448.8845888836496,0.03084104938271605,0.030080536265432098,0.019266493055555556,0.04393663194444444,72.7789776234568,77.03239510995371,23.4885050154321,113.56261525848765,80.68592616705247,61.987183400848764,43.43365933641975,155.3356785300926,24.74872374534607,17.811409950256348,10.980488777160645,52.39158630371094,7.309802532196045,7.533432483673096,6.34778356552124,7.824561595916748
414700,4,1920.0,1920.0,1920.0,1920.0,1080.0,1080.0,1080.0,1080.0,29.823256896219135,25.242750048225307,19.89469955632716,48.912827932098764,28.35211286181754,28.76946072415964,23.5418068717435,32.327723127207385,95.82312390906921,88.54677588531385,51.288290412769335,154.91065345287979,0.012655285493827162,0.010001687885802468,0.009768036265432099,0.020849729938271604,74.71275704089506,77.89439863040124,37.872829861111114,105.18940104166667,119.44856807002316,122.47648196373457,49.01042004243827,183.83088831018517,26.14641308784485,12.628856182098389,10.885503768920898,68.44243621826172,5.871204733848572,5.82094144821167,5.458613872528076,6.384322166442871
418240,4,1920.0,1920.0,1920.0,1920.0,1080.0,1080.0,1080.0,1080.0,97.46812391493054,82.33275559413579,67.51536265432098,157.69162181712963,40.01013204123212,43.65230132482836,24.10209628196938,48.63382923330236,1001.3604873872138,1161.7017664818522,233.44325183845595,1448.5951647466945,0.10121395158179013,0.11323784722222222,0.03446180555555556,0.1439183063271605,63.80293438946759,78.37877242476851,12.91160686728395,85.54258584104939,96.13351767457561,115.72052734375,34.55709731867284,118.53591869212963,35.24639320373535,37.44632530212402,20.15493392944336,45.93798828125,7.083798289299011,7.23954701423645,6.383691787719727,7.472407341003418
424840,4,1920.0,1920.0,1920.0,1920.0,1080.0,1080.0,1080.0,1080.0,33.25761851369599,29.045557966820986,28.281037808641976,46.6583203125,24.10991622256063,21.616156063418227,13.5839024505663,39.62345031283977,56.880707028992646,52.095613155376626,12.079945987244072,111.25165581797324,0.010342158564814815,0.009744164737654321,0.0011357060185185185,0.0207445987654321,115.8653302228009,114.55305410879629,94.63834297839506,139.71686969521605,67.89604877989969,65.87248673804012,57.85559702932099,81.98362461419752,11.562299251556396,11.041382789611816,7.9141082763671875,16.252323150634766,5.358450889587402,5.168087482452393,4.790425777435303,6.3072028160095215
427520,4,1920.0,1920.0,1920.0,1920.0,1080.0,1080.0,1080.0,1080.0,58.37901210455247,61.16397665895062,25.528130787037036,85.6599643132716,34.725903111146586,38.809907442590074,16.687774380965053,44.59602317844114,2655.6417849615405,2014.880081424555,446.292231847725,6146.514745149327,0.15441936728395061,0.15245515046296296,0.031112557870370372,0.2816546103395062,42.87793475115741,44.858275462962965,18.048552758487656,63.74663532021605,114.44037422839507,110.87822506751544,85.03934751157408,150.96569926697532,40.09375047683716,43.91510200500488,16.196672439575195,56.34812545776367,6.809248685836792,7.069302082061768,5.660521507263184,7.437869071960449
433340,4,1920.0,1920.0,1920.0,1920.0,1080.0,1080.0,1080.0,1080.0,114.62343653549382,117.63228395061728,98.3071768904321,124.92200135030865,46.90532382797936,47.92646924749416,41.92432272366392,49.84403409326521,309.2319970667808,296.08552555787804,241.8624247184475,402.89451243291967,0.028404103973765433,0.0270288387345679,0.017995273919753085,0.04156346450617284,91.90891710069444,99.33745322145062,44.760733024691355,124.20002893518519,115.99888418692129,121.68772280092594,85.79206018518518,134.82803096064814,83.3971176147461,80.52830123901367,69.55560302734375,102.97626495361328,7.228758811950684,7.321718692779541,6.7383317947387695,7.533266067504883
457140,4,1920.0,1920.0,1920.0,1920.0,1080.0,1080.0,1080.0,1080.0,86.8518482349537,87.62963927469136,65.28808111496913,106.86003327546297,59.296919972609174,59.517002917539315,54.48386010057753,63.66981395478053,1227.034007318458,858.0965643155707,289.745900751711,2902.196999890979,0.08459972993827161,0.07975983796296296,0.04238425925925926,0.13649498456790124,67.34816418306328,67.49499373070988,27.49570601851852,106.90696325231481,89.03097161940586,85.8206216242284,81.4095172646605,103.07312596450618,32.771687507629395,31.913442611694336,29.042041778564453,38.21782302856445,7.390846371650696,7.423935890197754,7.084982395172119,7.630531311035156
477160,4,1920.0,1920.0,1920.0,1920.0,1080.0,1080.0,1080.0,1080.0,133.83871057581018,142.0700569058642,90.75619164737654,160.4585368441358,60.150202246493365,59.57924760458965,51.538067591429005,69.90424618536514,385.0524266369824,377.78180497878753,252.40029510807454,532.2458014822798,0.031635923032407406,0.031693190586419756,0.024307484567901234,0.03884982638888889,42.51018675250772,46.87538580246914,26.22525318287037,50.06472222222222,61.61876844618055,58.70499180169753,48.54316550925926,80.5219246720679,42.5711088180542,36.49466896057129,32.51642608642578,64.77867126464844,7.0235432386398315,7.18212628364563,6.288667678833008,7.441252708435059
508440,4,1916.75,1920.0,1907.0,1920.0,1079.5,1079.5,1079.0,1080.0,127.88672442244705,143.6812216348925,46.44447646354649,177.73997795645673,51.63258592872895,53.59020808901788,41.52492847834848,57.82499905853159,396.80680245096505,385.51776516443294,245.58552311889355,570.6061563561008,0.03976711810449492,0.03141531822937909,0.018245578467717023,0.07799225749150449,93.05717786488583,88.06689916808153,84.28613570601851,111.80877741736175,90.32906154015492,82.60058648053753,72.04713579599526,124.06793740354938,47.31282138824463,49.189449310302734,21.357616424560547,69.5147705078125,6.031186580657959,7.123106002807617,2.3560128211975098,7.522521495819092
526870,4,1920.0,1920.0,1920.0,1920.0,1070.0,1080.0,1040.0,1080.0,104.04667398392984,108.74016565393518,76.85287359775641,121.8534910300926,54.21661174819087,54.3560108890854,42.691198637217774,65.46322657737491,1690.4439778120252,918.0719549798062,545.8692742403449,4379.7627270481435,0.11072151553596866,0.0940164448302469,0.06005909455128205,0.19479407793209877,88.4112147769765,87.21739603736349,72.02921971450617,107.18084731867285,93.78559769705603,89.67567201967591,89.08860484182098,106.70244190705128,39.898494720458984,40.9527702331543,29.908889770507812,47.77954864501953,7.556811213493347,7.555619716644287,7.334519386291504,7.7814860343933105
535930,4,1920.0,1920.0,1920.0,1920.0,1080.0,1080.0,1080.0,1080.0,113.68310474537037,120.97768494405864,79.6261472800926,133.15090181327162,45.68835720573925,43.19976114722359,36.9151475628541,59.43875896565572,165.5541384020495,118.25498257905785,82.92792339195388,342.7786650581284,0.03762333622685185,0.02548948688271605,0.01820119598765432,0.08131317515432099,57.08762080439814,59.09539038387345,25.85304542824074,84.30665702160493,83.14247841917438,67.5563102816358,42.81144193672839,154.64585117669753,33.1530499458313,30.698266983032227,23.899873733520508,47.315792083740234,7.229390978813171,7.162031888961792,6.877087593078613,7.716412544250488
581320,4,1920.0,1920.0,1920.0,1920.0,1080.0,1080.0,1080.0,1080.0,136.62302240065586,127.71670018325617,94.2719386574074,196.7867505787037,68.75238635181607,67.43214599413984,65.86944572368414,74.27580769530046,1174.3603301387818,971.5485115573445,128.10151944119593,2626.242777999242,0.04567816840277778,0.04557098765432099,0.011095679012345679,0.08047501929012346,20.397701099537034,18.192167486496913,10.984963348765431,34.22150607638889,108.03766119309412,109.0328817033179,56.0275993441358,158.05728202160495,52.991336822509766,46.93559646606445,42.76447296142578,75.32968139648438,7.449443697929382,7.693417549133301,6.535968780517578,7.87497091293335
588650,4,1917.0,1916.0,1916.0,1920.0,1080.0,1080.0,1080.0,1080.0,73.19556859652471,65.93789023235135,44.543809799382714,116.36268412201345,41.97443588444641,42.80043934648372,31.690298687973257,50.606566156844934,126.02728474339153,116.88042923469898,65.51580640846795,204.83247409570023,0.018376615296141652,0.018829363353436945,0.009662781257248898,0.026184953220443827,93.7477217729919,92.21937171383283,60.649342206790124,129.9028014575118,150.7024674436378,142.30597840794866,117.29451645016624,200.90339650848765,51.21137714385986,52.754377365112305,45.072227478027344,54.2645263671875,6.66228449344635,6.608829975128174,6.124885559082031,7.3065924644470215
613100,4,1920.0,1920.0,1920.0,1920.0,1080.0,1080.0,1080.0,1080.0,109.24961781442902,110.18710720486112,63.517664930555554,153.10659191743827,52.20116922114237,53.86209254036779,44.499383518786864,56.58110828504703,322.43737679030255,278.23536101141826,233.90035680914195,499.3784283292317,0.040105733989197534,0.03791136188271605,0.030458622685185184,0.05414158950617284,43.74176745756172,37.02640769675926,23.004957079475307,77.90929735725308,79.8060772328318,80.20934124228395,67.49417197145061,91.31145447530864,36.22166442871094,39.16444969177246,20.418140411376953,46.139617919921875,7.4959776401519775,7.56383490562439,7.125055313110352,7.731185436248779
620980,4,1920.0,1920.0,1920.0,1920.0,1080.0,1080.0,1080.0,1080.0,60.42742211612654,52.75200496720679,33.715553144290126,102.49012538580247,53.12900882309935,53.919966124253534,46.08579069696555,58.59031234692476,231.67827392707653,241.22536809814878,152.0741961801453,292.1881633318633,0.022939332561728393,0.023507667824074076,0.01665991512345679,0.028082079475308643,76.88674563560957,71.99609230324074,27.693210358796296,135.8615875771605,157.65680531442902,165.45833260995371,88.02550540123457,211.68505063657406,56.056349754333496,58.34745407104492,36.36855697631836,71.16193389892578,6.7746278047561646,6.771049499511719,6.107970714569092,7.448441505432129
621060,4,1920.0,1920.0,1920.0,1920.0,1080.0,1080.0,1080.0,1080.0,115.76310643325617,116.84937500000001,97.4596551890432,131.89402054398147,65.35088366729715,66.43039289542762,59.3524906206357,69.19025825769772,791.4688697045311,811.8613018500652,572.0808845788627,970.0719905391312,0.05761127989969136,0.05810546875,0.05263454861111111,0.06159963348765432,112.1420822482639,113.13919825424384,94.75953317901235,127.53039930555556,87.53072759934415,84.38362051504629,75.07321180555556,106.28245756172839,58.539772033691406,58.84638595581055,53.40738296508789,63.05893325805664,7.555598497390747,7.610202789306641,7.352836608886719,7.649151802062988
629760,4,1920.0,1920.0,1920.0,1920.0,1080.0,1080.0,1080.0,1080.0,86.78379533179012,78.37795910493827,56.960393518518515,133.41886959876544,59.726354373753736,60.34204785056326,48.917408245682566,69.30391354820587,586.1437799469197,483.95334299119736,258.0048731336785,1118.6635606716059,0.05623842592592593,0.053936873070987656,0.02029562114197531,0.09678433641975309,51.40636791087963,54.73112172067901,38.796929494598764,57.366298707561725,82.87032841435185,95.17457031250001,34.408644386574075,106.72352864583333,27.33636975288391,29.797304153442383,11.031830787658691,38.71903991699219,7.530590891838074,7.535645008087158,7.1490702629089355,7.902003288269043
632360,4,1916.0,1920.0,1904.0,1920.0,1080.0,1080.0,1080.0,1080.0,99.51753405659139,104.43806061921296,76.54526041666666,112.64875457127296,65.42557755566204,65.3862889561249,51.487386831326674,79.44234547907173,1007.4172613977524,932.3999440572306,511.4682860580651,1653.4008714184836,0.038761003678091606,0.035873907433343705,0.027845293209876543,0.05545090663580247,67.36257376952517,78.33622781635802,15.634888538748832,97.1429509066358,134.3287912052842,145.3188146219136,88.62702787422839,158.05050770308122,60.2148494720459,62.48346710205078,46.913726806640625,68.9787368774414,6.998642325401306,7.027221202850342,6.794277667999268,7.145849227905273
632470,4,1920.0,1920.0,1920.0,1920.0,1080.0,1080.0,1080.0,1080.0,69.98800720968364,63.25221354166667,43.099545235339505,110.34805652006173,57.57307456254066,55.57470563135154,47.15726460461443,71.98562238284511,1602.4224093345229,1740.2954899880574,648.6477526923975,2280.450904669579,0.07926866319444445,0.07506872106481481,0.07180700231481481,0.09513020833333333,50.241197193287036,48.99881389853395,39.741050829475306,63.22611014660494,55.242985026041666,59.646762393904325,32.39974103009259,69.27867428626543,32.88852071762085,33.434364318847656,22.436521530151367,42.24883270263672,7.129473686218262,7.163769245147705,6.527176856994629,7.663179397583008
644930,4,1920.0,1920.0,1920.0,1920.0,1080.0,1080.0,1080.0,1080.0,55.16100019290124,54.100467785493834,39.25296199845679,73.1901032021605,44.768038670972416,44.755254112347345,39.23603386884267,50.32561259035232,802.5225461776538,776.3816220818803,205.09907593217645,1452.2278646146779,0.10393844039351852,0.0946655574845679,0.055163966049382715,0.17125868055555554,29.855356746720677,21.14077883873457,17.587691936728394,59.552177372685186,188.71446940104167,191.82062403549384,167.09911844135803,204.117511091821,54.531606674194336,55.19645309448242,43.38744354248047,64.34607696533203,7.024095058441162,7.037470817565918,6.695917129516602,7.325521469116211
646570,4,1920.0,1920.0,1920.0,1920.0,1080.0,1080.0,1080.0,1080.0,47.952564863040124,45.59913146219135,39.5441902970679,61.06780623070988,47.296715668646755,47.85853888488881,37.44220627989934,56.027578624910056,428.61199568538916,340.51883367020696,117.10994445689126,916.3003709442515,0.021644362461419753,0.021863908179012348,0.010788966049382715,0.03206066743827161,51.343265817901234,52.5725942804784,41.91647762345679,58.31139708719136,108.29494297357253,105.32812379436729,65.56452980324075,156.95899450231482,30.20050859451294,27.112162590026855,25.152149200439453,41.425559997558594,6.282673597335815,6.376237869262695,5.524440288543701,6.85377836227417
648800,4,1919.5,1920.0,1918.0,1920.0,1079.75,1080.0,1079.0,1080.0,108.05467734553167,107.40647129985965,103.41602816358025,113.98973861882716,38.45103387588481,40.53189301825287,27.204894168129023,45.53545529890447,167.54520688965295,175.9108501607165,109.27676978787022,209.0823574493085,0.024498727686011496,0.025033817254739035,0.016316068672839506,0.031611207561728395,71.88933444066816,68.04359533774064,60.98412037037037,90.48602671682099,126.01969367430966,120.14336853780864,102.09029234770155,161.70174527391976,71.02484893798828,72.9340934753418,46.00688934326172,92.22431945800781,7.087138056755066,7.165028095245361,6.7762579917907715,7.2422380447387695
666140,4,1920.0,1920.0,1920.0,1920.0,1080.0,1080.0,1080.0,1080.0,140.76914749710647,136.00895519868828,111.05752989969136,180.00114969135802,45.21605118535638,38.28269092016835,26.916478925398614,77.38234397569019,228.83941767098963,191.90171798038932,87.02979365595856,444.52444106722135,0.04223114390432099,0.04386935763888889,0.025146122685185186,0.056039737654320985,47.32191900559413,45.48738064236111,41.1715697337963,57.14134500385803,98.76190164448303,98.62989776234568,88.4767790316358,109.31103202160494,49.82059383392334,48.83632278442383,39.39434814453125,62.21538162231445,6.807340383529663,6.812112808227539,6.221327781677246,7.383808135986328
671860,4,1920.0,1920.0,1920.0,1920.0,1080.0,1080.0,1080.0,1080.0,71.66560257523147,57.93313054591049,41.46482204861111,129.33132716049383,42.65810630867847,37.805841933026215,31.327753551770204,63.692987816891254,401.9941426293781,337.644767315174,151.04001294500662,781.6470229421578,0.017526523919753085,0.018013599537037038,0.010985725308641975,0.023093171296296296,68.63038122106482,66.4310602334105,41.03323254243827,100.626171875,91.6249193431713,89.4334375,70.72064380787037,116.91215856481482,35.230841636657715,31.817105293273926,22.324892044067383,54.964263916015625,6.864140033721924,6.772672176361084,6.339102745056152,7.572113037109375
674940,4,1916.0,1916.5,1914.0,1917.0,1078.5,1079.0,1077.0,1079.0,55.81289557046925,56.587416866182096,32.116691153684194,77.96005739582866,44.22285269163789,44.75410492348559,26.328872358922485,61.05432856065789,61.22075610186805,53.99534672116429,22.706263116357242,114.18606784878638,0.009760411997792887,0.010243556021558936,0.0051130246277030595,0.01344151132035062,69.8219007453442,74.77630517253799,41.58892692169995,88.14606571460081,154.90234881964818,152.14406029075977,130.39537969261337,184.9258950044598,43.57457256317139,43.83959770202637,35.797035217285156,50.822059631347656,6.427764654159546,6.6924896240234375,5.112445831298828,7.2136335372924805
686810,4,1920.0,1920.0,1920.0,1920.0,1080.0,1080.0,1080.0,1080.0,67.34701437114197,58.53869767554012,47.99498890817901,104.31567322530864,60.28259374465661,58.048947624950834,47.914048377958906,77.11843135076585,407.01245281569476,495.35714089764303,57.34685628255115,579.988673184942,0.054400318287037036,0.051072048611111115,0.012468653549382716,0.10298852237654321,46.77554663387346,34.26256847993827,21.015916280864197,97.56113329475309,75.33254677854939,78.17061873070988,44.06075665509259,100.92819299768519,23.25338101387024,22.84305429458618,8.541595458984375,38.78582000732422,7.050853610038757,6.977450847625732,6.929512977600098,7.318999767303467
690830,4,1920.0,1920.0,1920.0,1920.0,1080.0,1080.0,1080.0,1080.0,91.23985882040895,93.37813705632716,76.98001880787037,101.22314236111112,47.77632283077315,43.94334207119907,37.03117628100829,66.18743089968615,473.9850699512869,465.42548385512197,368.0239514344313,597.0653606604724,0.04413809317129629,0.04585720486111111,0.030237268518518517,0.054600694444444445,31.69671489197531,31.625268373842594,28.928004436728394,34.608318383487656,117.89133330922067,113.97031611689815,90.39230227623457,153.23239872685184,41.004923820495605,40.639835357666016,36.760066986083984,45.979957580566406,7.14387309551239,7.141303777694702,6.966290473937988,7.326594352722168
728880,4,1920.0,1920.0,1920.0,1920.0,1080.0,1080.0,1080.0,1080.0,148.70961986400465,147.57865861304015,137.21343026620372,162.46773196373456,48.2702133630323,47.17668143873979,45.180883220143244,53.54660735450637,97.80861996828786,102.67342893030673,75.70815575602455,110.17946625651341,0.031045283564814813,0.030283082561728396,0.024096739969135802,0.03951822916666667,60.00675383391204,48.720234133873454,42.3592115162037,100.22733555169754,139.8821221547068,135.27774426118827,131.10892216435184,157.86407793209875,93.86933135986328,92.32870864868164,74.98568725585938,115.83422088623047,7.374610185623169,7.4092559814453125,7.20033073425293,7.479598045349121
739630,4,1920.0,1920.0,1920.0,1920.0,1080.0,1080.0,1080.0,1080.0,18.783095582561728,18.937330729166668,17.51121527777778,19.7465055941358,33.361263011751255,32.63115383821291,30.510700229590796,37.6720441409884,203.00993217120865,199.32913892264554,142.55449313492616,270.82695770461726,0.021630859375,0.019910300925925925,0.01632619598765432,0.030376639660493827,27.727252363040126,21.005728925540126,16.60257282021605,52.2949787808642,96.47710624035493,95.99262635030864,62.28277199074074,131.64040027006172,25.272368907928467,21.2507905960083,18.156429290771484,40.43146514892578,5.041807651519775,5.043789386749268,4.925911903381348,5.153739929199219
753640,4,1920.0,1920.0,1920.0,1920.0,1080.0,1080.0,1080.0,1080.0,53.813078100887346,46.921700665509256,28.021211419753087,93.38769965277778,37.306943353855814,33.459365992222445,23.658538427125436,58.65050300385293,67.59154802194521,79.8182231370499,14.43104163551278,96.29870417816832,0.016194058641975307,0.017331211419753086,0.005653452932098765,0.024460358796296298,37.96767397280093,37.583945071373456,20.502794656635803,56.20001109182099,81.66754870756174,87.7583415316358,33.116716820987655,118.03679494598765,26.800217151641846,18.536736488342285,9.579803466796875,60.54759216308594,6.436910271644592,6.47756028175354,5.856715202331543,6.935805320739746
774171,4,1920.0,1920.0,1920.0,1920.0,1080.0,1080.0,1080.0,1080.0,127.26408890335648,124.31841507523148,55.140183738425925,205.27934172453703,55.83450723775798,54.81126745368901,46.62824900395224,67.08724503970166,443.9750999778729,398.3392558666375,93.70653227835632,885.5153558998604,0.04541546103395062,0.04547646604938271,0.024471450617283952,0.06623746141975309,102.45662386670524,101.42955536265433,64.72674430941358,142.24064043209876,119.72687343267748,120.59115981867285,65.76546923225308,171.9597048611111,75.52036476135254,74.78821182250977,68.15850067138672,84.3465347290039,6.803158402442932,6.873960494995117,5.971604347229004,7.49310827255249
848450,4,1920.0,1920.0,1920.0,1920.0,1080.0,1080.0,1080.0,1080.0,44.09244442033179,36.7526847029321,32.125822241512346,70.73858603395061,41.546445886987215,37.25209683977384,32.05519222897974,59.626397639421455,197.6468703978333,193.1285529505877,126.77690961719821,277.55346607295957,0.022460214120370373,0.024933931327160493,0.011941068672839505,0.02803192515432099,98.37561282310956,97.79385392554012,64.68745081018518,133.22729263117284,175.04705825617285,199.82168161651234,87.39939091435186,213.14547887731482,56.02742099761963,56.418277740478516,48.037109375,63.236019134521484,6.518435716629028,6.472928762435913,5.862323760986328,7.265561580657959
860510,4,1920.0,1920.0,1920.0,1920.0,1080.0,1080.0,1080.0,1080.0,36.511372371720675,36.455870707947525,29.82721981095679,43.306528260030866,24.63127598087858,24.648598180655114,23.90194123616917,25.325966326034926,14.716894834182025,14.14712184143183,9.781237943570275,20.79209771029416,0.0031042631172839507,0.0032899305555555555,0.0014125192901234568,0.004424672067901234,105.18509801793982,105.50906708140431,102.6926740933642,107.02958381558642,145.29140190972223,144.31651644483026,118.27612268518519,174.2564520640432,22.383052825927734,22.34088897705078,16.015504837036133,28.834928512573242,5.86431360244751,5.969067335128784,5.2694244384765625,6.249695301055908
880940,4,1920.0,1920.0,1920.0,1920.0,1080.0,1080.0,1080.0,1080.0,64.50194733796296,51.82845437885803,45.64096498842593,108.70991560570988,41.62019555438278,38.82552010797175,31.94035913814341,56.889382863444226,224.55137513289392,213.09919840073843,136.05624112380798,335.9508626062908,0.025496238425925924,0.02040822723765432,0.01412037037037037,0.047048128858024695,46.92118139949846,41.95065899884259,16.071452546296296,87.71195505401235,150.14300395447532,156.310574845679,78.62482976466049,209.32603636188273,38.96488952636719,34.818580627441406,23.430137634277344,62.792259216308594,6.647449493408203,6.67335844039917,5.940884590148926,7.302196502685547
881100,4,1920.0,1920.0,1920.0,1920.0,1080.0,1080.0,1080.0,1080.0,22.55971076871142,22.960728925540124,20.147191840277777,24.170193383487653,27.91152576237562,24.30743289228839,22.89974381001828,40.13149345490743,118.37986691840169,102.99452570124927,90.55979850842301,176.9706177626852,0.01457959587191358,0.014580680941358025,0.010595582561728396,0.018561439043209876,51.967050178433645,45.92396629050926,26.329550540123456,89.69071759259259,84.60805543499228,80.60365740740741,67.44043740354938,109.78446952160493,25.844422817230225,25.58445453643799,24.176090240478516,28.032691955566406,5.784641861915588,5.794865131378174,5.645805835723877,5.903031349182129
892970,4,1920.0,1920.0,1920.0,1920.0,1080.0,1080.0,1080.0,1080.0,103.46776487750772,110.78417341820987,21.3283487654321,170.97436390817901,41.933302378117915,48.65936331862995,17.362870760077104,53.05161211513465,227.20853437506585,247.56249561595922,38.525227135759515,375.18391913258534,0.033581211419753086,0.03810595100308642,0.006467496141975309,0.0516454475308642,80.99424467110339,83.78104600694445,61.47195023148148,94.94293643904321,132.0480969087577,140.80168209876544,46.06170765817901,200.527315779321,45.48218011856079,41.30677795410156,16.49247169494629,82.82269287109375,6.821051001548767,7.2286059856414795,5.24515438079834,7.5818376541137695
992300,4,1920.0,1920.0,1920.0,1920.0,1080.0,1080.0,1080.0,1080.0,102.40242006655093,101.89544656635803,56.5678018904321,149.25098524305557,62.49722728495996,54.31785125126573,43.977395931799265,97.37581070550912,121.47756249267468,127.21904714420668,56.78045356990614,174.6917021123792,0.015586178626543209,0.015224729938271606,0.008443287037037037,0.023451967592592594,35.15795584972994,38.133411458333335,17.35584490740741,47.00915557484568,83.61409794560186,88.19601948302468,52.033640528549384,106.03071228780864,32.54176354408264,31.970090866088867,12.640637397766113,53.58623504638672,7.1823424100875854,7.2777416706085205,6.539440155029297,7.634446144104004
1030300,4,1920.0,1920.0,1920.0,1920.0,1080.0,1080.0,1080.0,1080.0,64.40640612943673,68.16651692708334,45.24037760416667,76.05221305941357,52.515517961299686,54.33919070638633,35.999836887599976,65.38385354482612,114.23035943830885,120.49517151738246,84.90402825651233,131.02706646195819,0.028800636574074074,0.029693045910493827,0.011125096450617284,0.04469135802469136,69.51691767939816,71.03959948881173,28.454175829475307,107.53429591049382,150.66773799189815,153.92870249807098,117.46434076003086,177.34920621141976,51.540868282318115,53.34193229675293,14.17222785949707,85.30738067626953,7.226115822792053,7.288375377655029,6.8033857345581055,7.524326801300049
1057090,4,1920.0,1920.0,1920.0,1920.0,1080.0,1080.0,1080.0,1080.0,68.8961179832176,67.74193962191359,32.43679253472222,107.66380015432098,48.75894323821528,47.223962199232666,37.98021519846327,62.60763335593254,53.70874277138631,54.948577379376985,14.721922717266317,90.21589360952495,0.011709587191358025,0.011699459876543208,0.005196277006172839,0.01824315200617284,54.769853033371916,37.31824676890432,19.65463927469136,124.78827932098766,159.09059389467592,165.96769675925924,132.68206645447532,171.74491560570988,48.82634162902832,46.93676948547363,42.166831970214844,59.26499557495117,7.084722638130188,7.289209842681885,6.323135852813721,7.437335014343262
1145350,4,1920.0,1920.0,1920.0,1920.0,1080.0,1080.0,1080.0,1080.0,53.332833598572535,45.57436053240741,40.55438898533951,81.6282243441358,44.77679540729179,38.72840353295416,36.799232540960766,64.85114202229808,558.1401325282521,464.4213446766736,407.2996450941009,896.4181956655603,0.07254448784722223,0.0708031925154321,0.05991415895061728,0.08865740740740741,86.3266877652392,91.77237437307099,50.102973572530864,111.65902874228395,98.71768988715277,94.33079909336419,73.90571325231481,132.3034481095679,34.524466037750244,36.25284957885742,20.97712516784668,44.61503982543945,6.942178726196289,6.852637052536011,6.532232761383057,7.531208038330078
1145360,4,1920.0,1920.0,1920.0,1920.0,1080.0,1080.0,1080.0,1080.0,58.490926528742285,55.191717303240736,49.22120129243827,74.35907021604939,54.35421088395285,52.96677266655168,47.62154822354578,63.86174997916227,1057.325961241238,750.6838259206531,433.9852387152106,2293.950954408435,0.06612955729166667,0.0570411361882716,0.04961516203703704,0.10082079475308642,46.67139624324845,45.05302493248457,17.114560185185184,79.4649749228395,132.48390046296296,122.65195408950618,94.5880256558642,190.04366801697532,58.78804969787598,50.161136627197266,33.69134521484375,101.13858032226562,6.996132731437683,7.115893840789795,6.3141279220581055,7.438615322113037
1167630,4,1920.0,1920.0,1920.0,1920.0,1080.0,1080.0,1080.0,1080.0,107.97576666184413,105.29264708719136,93.19784963348765,128.11992283950616,60.29319502176289,59.88167045060196,46.08667026586428,75.32276891998337,240.73668498906954,246.47487308747907,169.23298114853336,300.7640126327868,0.0451733699845679,0.048811487268518514,0.02459249614197531,0.05847800925925926,36.43991584683642,21.85078438464506,14.61610050154321,87.44199411651235,110.26370466820987,112.21583212770061,77.85967013888889,138.76348427854938,36.44071340560913,34.44857215881348,31.346704483032227,45.519004821777344,7.500033736228943,7.4694483280181885,7.284391403198242,7.776846885681152
1203620,4,1920.0,1920.0,1920.0,1920.0,1080.0,1080.0,1080.0,1080.0,69.56964470003858,76.74345992476852,30.23510754243827,94.55655140817902,47.589607952000286,46.4726625793446,41.26324291496469,56.14986373434724,799.3911484041973,627.0286029718228,241.81570741057195,1701.691680262572,0.06854612750771605,0.05051480516975308,0.029030671296296297,0.14412422839506173,64.62013515142748,61.73104190779321,14.64488956404321,120.37356722608024,152.0882209683642,151.39423731674384,100.15152247299383,205.4128867669753,41.98012638092041,41.974626541137695,33.59507751464844,50.37617492675781,7.0742738246917725,7.2740583419799805,6.104520797729492,7.644457817077637
1206560,4,1920.0,1920.0,1920.0,1920.0,1080.0,1080.0,1080.0,1080.0,123.94541630497685,126.77777994791666,100.08624565972222,142.13985966435186,37.21956122144759,37.89449271867553,31.356033989187573,41.733225459251756,405.22884541132356,389.333640510394,227.36583427095465,614.8822663535518,0.03348982445987654,0.028703703703703703,0.024113136574074073,0.05243875385802469,64.74453317901235,67.12213083526234,23.62308449074074,101.11078655478396,138.42780972704477,135.7448090277778,109.19986641589506,173.0217544367284,61.55887508392334,63.61672592163086,52.52719497680664,66.474853515625,7.092661380767822,7.181843519210815,6.699988842010498,7.30696964263916
1260320,4,1920.0,1920.0,1920.0,1920.0,1080.0,1080.0,1080.0,1080.0,136.1796544656636,133.0900241126543,123.70440875771605,154.83416087962962,41.61907484466371,41.246686948930794,36.30471247971701,47.67821300107624,71.85995201619745,73.89893417518499,57.03344221750685,82.60849749691299,0.012743778935185185,0.010380015432098766,0.008868634259259258,0.02134645061728395,70.50425516010802,57.87901041666667,47.50460262345679,118.75439718364197,78.83034830729166,78.79946252893518,67.82428530092592,89.89818287037038,51.12612438201904,51.78238487243652,44.032432556152344,56.90729522705078,7.288307547569275,7.2240190505981445,7.186736583709717,7.518455505371094
1332010,4,1920.0,1920.0,1920.0,1920.0,1080.0,1080.0,1080.0,1080.0,56.01635006751543,55.604412856867285,47.226295331790126,65.63027922453703,41.6465364034466,38.944852815153396,36.65275883002291,52.04368115345672,352.9035255465092,361.7905754337746,138.01879401657507,550.0141573019124,0.032647087191358025,0.03335358796296296,0.01847511574074074,0.04540605709876543,62.580402440200615,56.494511477623455,18.046712962962964,119.2858738425926,152.133916015625,151.61563488618827,103.90472897376543,201.399665316358,49.389312744140625,57.462846755981445,22.98632049560547,59.64523696899414,6.770936131477356,6.796292781829834,6.626003265380859,6.8651556968688965
1366540,4,1840.0,1920.0,1600.0,1920.0,1035.0,1080.0,900.0,1080.0,62.00719896315587,60.53279272762346,54.967365972222225,71.99584442515432,50.275264054558164,50.59640021968846,26.85005769481093,73.05819808404479,1817.2400400946367,937.3413541446594,555.4413902271527,4838.836061862075,0.04394169077932099,0.03949508101851852,0.01625625,0.08052035108024691,101.46277408371913,103.73641927083332,90.72900848765433,107.64924930555556,117.97239201871142,109.8809819540895,97.09407889660494,155.03352527006172,35.32897615432739,34.93585205078125,29.62516975402832,41.81903076171875,6.839991331100464,6.964247941970825,6.045961856842041,7.385507583618164
1527950,4,1920.0,1920.0,1920.0,1920.0,1080.0,1080.0,1080.0,1080.0,67.83585889274691,63.41597101658951,29.91462962962963,114.59686390817902,41.51488674878734,35.24747825948651,34.23665276923579,61.32793770694053,3473.63537926645,2950.028767499499,1542.4507001033305,6452.033281963473,0.07289894386574075,0.05236521026234568,0.036790605709876543,0.15007474922839506,55.54273124035494,47.63554832175926,32.88480324074074,94.01502507716049,105.02894784432871,104.43363401813272,75.62451822916667,135.62400511188272,34.13119411468506,34.56127738952637,26.300731658935547,41.10149002075195,6.923939943313599,6.998917579650879,5.847126007080078,7.850798606872559
1621690,4,1920.0,1920.0,1920.0,1920.0,1080.0,1080.0,1080.0,1080.0,39.90666968074845,37.256585648148146,13.516380208333333,71.5971272183642,41.52933553786457,42.91278320193183,21.2244499588578,59.06732578873682,305.1073830410239,318.58531199770584,131.69256896202182,451.5663392066622,0.03328920717592593,0.03849199459876543,0.009033564814814815,0.04713927469135802,53.71698230131173,53.25280598958334,19.712751736111112,88.64956548996913,147.8697404272762,148.20178554205245,134.03348958333333,161.04190104166668,58.0559778213501,62.80837059020996,35.38371276855469,71.22345733642578,6.173259258270264,6.310145378112793,4.824748516082764,7.247997760772705
1623730,4,1920.0,1920.0,1920.0,1920.0,1080.0,1080.0,1080.0,1080.0,118.08709768036266,113.57690272955247,109.11624903549382,136.07833622685186,65.05378343835739,62.96335613719765,58.72826598912898,75.56015548990526,331.3015253113498,213.3725386236569,87.26009765303475,811.2009263450506,0.07259922357253086,0.06435763888888889,0.024680266203703703,0.13700135030864197,54.61002917631173,48.570141059027776,36.981502700617284,84.31833188657407,94.64011682581018,96.63563850308643,79.17904079861111,106.11014949845679,45.961463928222656,42.631893157958984,33.54468536376953,65.03738403320312,7.806909441947937,7.782911777496338,7.754972457885742,7.90684175491333
1868140,4,1280.0,1280.0,1280.0,1280.0,720.0,720.0,720.0,720.0,132.39409071180555,147.73462836371527,55.50501193576389,178.60209418402778,37.574374978237834,39.048044142530635,25.934866563135373,46.26654506475469,338.47976138864124,233.04566978467247,133.98794960502224,753.8397563801977,0.041798231336805554,0.043884548611111115,0.02695855034722222,0.05246527777777778,91.71809190538195,95.24290852864584,66.82361762152777,109.56293294270833,142.7243904622396,144.2629220920139,130.35480794270833,152.0169097222222,88.11785125732422,96.72663879394531,47.28453063964844,111.73359680175781,6.837409257888794,6.934698104858398,6.1662445068359375,7.313996315002441
2198150,4,1920.0,1920.0,1920.0,1920.0,1080.0,1080.0,1080.0,1080.0,92.49057556905865,97.2089559220679,44.64334635416667,130.9010440779321,45.07436393469549,46.13499896552575,28.78185380845804,59.245603999272426,250.37890197759853,274.2261199495342,104.75494039871965,348.30842761260607,0.03371865354938272,0.035873601466049385,0.01232542438271605,0.050801986882716046,60.96130787037037,61.8737198591821,24.942287808641975,95.15550395447531,119.09390866126543,94.55365668402777,56.04640866126543,231.22191261574073,37.66837215423584,36.9158992767334,28.32547378540039,48.51621627807617,7.052716016769409,7.1460511684417725,6.210460186004639,7.708301544189453
2592160,4,1920.0,1920.0,1920.0,1920.0,1080.0,1080.0,1080.0,1080.0,63.030718315972216,71.12858072916666,36.307761863425924,73.55794994212962,50.801775019074256,51.06514032223349,39.64906667466065,61.4277527571694,270.8803054791712,295.8689070022374,17.848360651407592,473.9350472608025,0.036922984182098766,0.022161458333333335,0.007308063271604938,0.09606095679012346,65.75342387635031,55.29871624228396,15.243274980709877,137.17298804012347,171.36713384934416,172.9092679398148,120.59867042824074,219.05132908950617,68.55151653289795,71.13463592529297,39.2460823059082,92.69071197509766,7.080713391304016,7.205313205718994,6.549173355102539,7.363053798675537
