appid,ss_i,path,ok,w,h,bright,cont,sharp,edge,hue,sat,col,ent
4000,0,Steam_Appdetails_snapshot_100/images/4000/ss_0.jpg,1,1920,1080,122.86399257330247,70.30599030738824,526.510956092194,0.030834297839506173,74.13698109567902,63.78925636574074,31.974132537841797,7.81553840637207
4000,1,Steam_Appdetails_snapshot_100/images/4000/ss_1.jpg,1,1920,1080,160.93811390817902,58.4729946395253,879.5312762373727,0.08596643518518518,70.31890914351852,59.389700038580244,32.62087631225586,7.563024520874023
4000,2,Steam_Appdetails_snapshot_100/images/4000/ss_2.jpg,1,1920,1080,114.63853925540124,72.78344553953319,746.4465552755353,0.02911892361111111,16.929072145061728,83.8365480324074,53.899173736572266,7.105467796325684
4000,3,Steam_Appdetails_snapshot_100/images/4000/ss_3.jpg,1,1920,1080,147.3060971257716,51.05756293524776,611.7389814219357,0.07195167824074074,75.33505497685185,51.121383101851855,34.736244201660156,7.539806842803955
48700,0,Steam_Appdetails_snapshot_100/images/48700/ss_0.jpg,1,1280,800,141.2519521484375,68.26579983667855,1486.8525663891257,0.0708388671875,96.179384765625,45.63030078125,23.380290985107422,7.570267677307129
48700,1,Steam_Appdetails_snapshot_100/images/48700/ss_1.jpg,1,1280,800,156.5514033203125,58.7345651457037,391.3087494168052,0.040640625,90.792220703125,25.1283564453125,16.41265296936035,7.215179920196533
48700,2,Steam_Appdetails_snapshot_100/images/48700/ss_2.jpg,1,1680,1050,113.25046825396825,45.64568433138075,371.35820238041214,0.05507426303854875,42.38121995464853,87.45413151927437,31.084598541259766,7.47382116317749
48700,3,Steam_Appdetails_snapshot_100/images/48700/ss_3.jpg,1,1280,800,141.9739873046875,29.27037895350639,42.78577979133511,0.0093154296875,22.419169921875,59.184626953125,19.27867889404297,6.464996814727783
105600,0,Steam_Appdetails_snapshot_100/images/105600/ss_0.jpg,1,1280,720,73.27977864583333,56.51111528710674,1697.3983072238498,0.06431098090277777,58.999378255208335,114.52016927083334,84.6215591430664,6.642575740814209
105600,1,Steam_Appdetails_snapshot_100/images/105600/ss_1.jpg,1,1280,720,24.386305338541668,26.975292694832294,769.5378478459664,0.03568793402777778,101.48893663194444,175.73201714409723,72.61656188964844,5.760148525238037
105600,2,Steam_Appdetails_snapshot_100/images/105600/ss_2.jpg,1,1280,720,20.13761935763889,24.694856844606278,774.6080517752741,0.038345269097222225,62.38980794270833,56.73958441840278,23.363454818725586,5.640745162963867
105600,3,Steam_Appdetails_snapshot_100/images/105600/ss_3.jpg,1,1280,720,133.43924045138888,50.27902660331202,1095.189713999388,0.03637803819444444,104.49401258680555,95.37346245659722,55.77367401123047,6.738245964050293
108600,0,Steam_Appdetails_snapshot_100/images/108600/ss_0.jpg,1,1728,1080,107.70167663323045,35.579126674889274,424.03153327925463,0.06743076989026063,115.97012174211248,30.303466863854595,8.801115036010742,7.024862766265869
108600,1,Steam_Appdetails_snapshot_100/images/108600/ss_1.jpg,1,1477,830,27.45737125890155,22.988758747300892,448.8218800727296,0.027192860813599694,23.381959523945476,78.25952149831554,10.530689239501953,5.767873764038086
108600,2,Steam_Appdetails_snapshot_100/images/108600/ss_2.jpg,1,1920,1080,105.21351273148149,75.2923057660484,210.05790750848703,0.026803626543209877,77.41156828703704,26.48116657021605,10.891776084899902,6.656606674194336
108600,3,Steam_Appdetails_snapshot_100/images/108600/ss_3.jpg,1,1920,1017,54.427809529662404,41.472715136709546,1643.4132734258087,0.04197138233366109,30.445587512291052,60.86349762372993,17.50019073486328,6.768621444702148
211820,0,Steam_Appdetails_snapshot_100/images/211820/ss_0.jpg,1,1920,1080,49.117109375,28.380512304772164,343.17523041750223,0.04431905864197531,64.73030671296296,104.84771412037037,21.409873962402344,6.037552356719971
211820,1,Steam_Appdetails_snapshot_100/images/211820/ss_1.jpg,1,921,519,48.3985384906663,26.017010765482087,2554.5295701452637,0.08330352155548443,100.80240544436285,136.15645430220565,33.43315505981445,6.244776248931885
211820,2,Steam_Appdetails_snapshot_100/images/211820/ss_2.jpg,1,1701,957,11.165946394554313,29.139773091172295,914.8065800435768,0.03956858618416728,9.64018645372413,44.74654407604599,17.144573211669922,2.778233766555786
211820,3,Steam_Appdetails_snapshot_100/images/211820/ss_3.jpg,1,1565,880,17.940665843740923,19.313075020966536,213.3196405554408,0.007871042695323845,78.23946630845194,104.94422596572757,20.128257751464844,4.35316801071167
219640,0,Steam_Appdetails_snapshot_100/images/219640/ss_0.jpg,1,1280,720,75.97141493055555,63.12241349344585,1235.7656207584698,0.07365776909722223,48.19948459201389,50.20515299479167,27.80950927734375,6.324672222137451
219640,1,Steam_Appdetails_snapshot_100/images/219640/ss_1.jpg,1,1280,720,51.478594835069444,58.06960197696691,1845.7962723766138,0.11730143229166666,20.242116970486112,86.00642578125,44.41377258300781,6.332486152648926
219640,2,Steam_Appdetails_snapshot_100/images/219640/ss_2.jpg,1,1280,720,52.42185763888889,40.1164628403354,608.1519086371515,0.083046875,82.66539388020833,79.88518771701389,15.785528182983398,6.759011268615723
219640,3,Steam_Appdetails_snapshot_100/images/219640/ss_3.jpg,1,1280,720,48.98651258680555,43.42709243262995,1513.5955590718163,0.13375542534722223,26.217783203125,78.7624631076389,29.678728103637695,6.2082695960998535
219740,0,Steam_Appdetails_snapshot_100/images/219740/ss_0.jpg,1,1280,720,53.47700629340278,43.57688513808746,609.4426137771501,0.10486545138888889,24.771704644097223,173.63941948784722,55.95207977294922,7.084049224853516
219740,1,Steam_Appdetails_snapshot_100/images/219740/ss_1.jpg,1,1280,720,41.29478190104167,33.58548773244635,176.34456223626668,0.05739474826388889,34.02201605902778,143.84008029513888,28.56996726989746,6.696628093719482
219740,2,Steam_Appdetails_snapshot_100/images/219740/ss_2.jpg,1,1280,720,62.175435112847225,36.21448428521038,233.7511316789121,0.03184678819444445,24.276424696180555,143.93919813368055,31.406187057495117,6.885284423828125
219740,3,Steam_Appdetails_snapshot_100/images/219740/ss_3.jpg,1,1280,720,92.15803493923612,46.152606961488765,274.5079275399091,0.0596875,20.35631076388889,147.55526692708332,46.25775146484375,7.3922576904296875
220200,0,Steam_Appdetails_snapshot_100/images/220200/ss_0.jpg,1,1920,1080,110.8020920138889,51.33167370511942,161.57338833090327,0.014030671296296296,134.72598234953705,81.88333767361111,38.11362838745117,7.066092491149902
220200,1,Steam_Appdetails_snapshot_100/images/220200/ss_1.jpg,1,1920,1080,124.75085503472222,39.42334193183126,301.50259461144594,0.029877025462962965,76.76323688271604,85.27067226080247,47.292633056640625,6.868424415588379
220200,2,Steam_Appdetails_snapshot_100/images/220200/ss_2.jpg,1,1918,1078,27.553236983484265,30.1626472187598,333.9517339264828,0.016301961110541476,69.03922462908758,45.9298985685847,14.070809364318848,5.881980895996094
220200,3,Steam_Appdetails_snapshot_100/images/220200/ss_3.jpg,1,1918,1078,38.17515104439728,44.23227069893766,351.80509881672225,0.0263923846152358,67.09365671569604,86.88670315979269,29.365964889526367,4.793390274047852
222880,0,Steam_Appdetails_snapshot_100/images/222880/ss_0.jpg,1,1280,720,130.99320203993057,63.009692355548474,2169.755019018385,0.12840386284722222,36.37001085069444,54.661654730902775,26.241031646728516,7.83583402633667
222880,1,Steam_Appdetails_snapshot_100/images/222880/ss_1.jpg,1,1280,720,70.37073784722222,65.11975072863112,444.1151548152205,0.04167860243055556,18.745807291666665,102.233447265625,28.21894073486328,7.142887592315674
222880,2,Steam_Appdetails_snapshot_100/images/222880/ss_2.jpg,1,1280,720,46.013407118055554,46.49412537027772,214.08074576792777,0.019905598958333333,55.29568359375,189.72482530381944,47.99182891845703,6.727272987365723
222880,3,Steam_Appdetails_snapshot_100/images/222880/ss_3.jpg,1,1280,720,23.931752387152777,32.51654617584791,116.09300781242466,0.005840928819444444,45.33077365451389,71.88360894097222,20.82651710510254,5.570889949798584
227300,0,Steam_Appdetails_snapshot_100/images/227300/ss_0.jpg,1,1920,1080,116.69252604166667,64.43830013426766,1752.243717250643,0.08564814814814815,71.71159143518518,89.67938416280865,45.53293228149414,7.729525566101074
227300,1,Steam_Appdetails_snapshot_100/images/227300/ss_1.jpg,1,1920,1080,80.11334490740741,53.855037711988864,971.7118789710528,0.04961853780864198,72.34127893518519,95.17033179012346,52.34836196899414,7.48544979095459
227300,2,Steam_Appdetails_snapshot_100/images/227300/ss_2.jpg,1,1920,1080,122.44178288966049,58.23541958612008,1432.1576149867178,0.0745138888888889,74.76738184799383,64.30368200231482,46.3253288269043,7.752559185028076
227300,3,Steam_Appdetails_snapshot_100/images/227300/ss_3.jpg,1,1920,1080,122.8428192515432,64.57504049236361,2130.7489357590666,0.07660445601851852,77.9907778742284,86.87013599537038,52.93993377685547,7.882558822631836
230290,0,Steam_Appdetails_snapshot_100/images/230290/ss_0.jpg,1,1920,1080,133.47442997685187,61.71775413802843,271.32738563438176,0.02474006558641975,27.059657118055554,146.12921682098766,69.35456085205078,7.69428825378418
230290,1,Steam_Appdetails_snapshot_100/images/230290/ss_1.jpg,1,1920,1080,29.99464699074074,52.01140941548705,1147.4121796868963,0.04392505787037037,44.583736014660495,71.61552035108025,19.039243698120117,5.684956073760986
230290,2,Steam_Appdetails_snapshot_100/images/230290/ss_2.jpg,1,1920,1080,33.81930459104938,37.60820750858368,564.9275989532073,0.03212384259259259,43.8024503279321,67.4098259066358,35.672706604003906,5.9816083908081055
230290,3,Steam_Appdetails_snapshot_100/images/230290/ss_3.jpg,1,1920,1080,86.94160927854938,44.855865454349214,294.5368234771733,0.016879340277777776,86.3731891396605,101.17758005401235,31.715993881225586,7.190107822418213
233450,0,Steam_Appdetails_snapshot_100/images/233450/ss_0.jpg,1,1920,1080,101.00822000385803,55.63215576324496,2041.327664089288,0.14546055169753086,36.213679591049384,87.23053674768518,53.290061950683594,7.450239181518555
233450,1,Steam_Appdetails_snapshot_100/images/233450/ss_1.jpg,1,1920,1080,83.05269724151235,50.67517877170952,1271.257778438492,0.09802806712962962,25.369228877314814,86.82992428626544,48.802730560302734,7.418318748474121
233450,2,Steam_Appdetails_snapshot_100/images/233450/ss_2.jpg,1,1920,1080,101.70149546682099,63.991686445242024,631.9568760184972,0.08515721450617283,35.82507282021605,111.03234519675927,58.61619567871094,7.677666664123535
233450,3,Steam_Appdetails_snapshot_100/images/233450/ss_3.jpg,1,1920,1080,121.65056954089506,59.635592309410484,2829.116444637286,0.1636328125,53.163934702932096,62.013543113425925,48.49009323120117,7.776910781860352
233860,0,Steam_Appdetails_snapshot_100/images/233860/ss_0.jpg,1,1904,1000,90.9653455882353,42.17073711745775,404.95181137755077,0.02642857142857143,71.76925157563025,91.84670798319328,50.028221130371094,7.019915580749512
233860,1,Steam_Appdetails_snapshot_100/images/233860/ss_1.jpg,1,1904,1042,102.16467906740431,56.37831142745861,1683.2754852289206,0.07843674897982225,35.61901754463781,98.98644786609461,54.48029327392578,7.520381927490234
233860,2,Steam_Appdetails_snapshot_100/images/233860/ss_2.jpg,1,1920,1050,104.38724751984127,33.29345521110855,801.3483604770465,0.10862351190476191,57.6390689484127,68.62988442460318,32.548255920410156,6.706003189086914
233860,3,Steam_Appdetails_snapshot_100/images/233860/ss_3.jpg,1,1904,1042,90.75905760576784,46.501596481146535,1838.2853985544766,0.14660367505927516,23.385764790561137,76.25713670785012,24.113691329956055,7.416913032531738
235540,0,Steam_Appdetails_snapshot_100/images/235540/ss_0.jpg,1,1920,1080,29.93455680941358,31.96592660953121,44.58205616439914,0.009146894290123457,47.05338155864197,79.77688126929013,18.043025970458984,6.313897132873535
235540,1,Steam_Appdetails_snapshot_100/images/235540/ss_1.jpg,1,1920,1080,69.02995563271605,63.29948506617643,481.8913061315466,0.03617380401234568,73.6692510609568,63.98428915895062,17.344993591308594,7.381410121917725
235540,2,Steam_Appdetails_snapshot_100/images/235540/ss_2.jpg,1,1920,1018,37.99086239358219,26.799513326542193,58.59059788363767,0.01787819253438114,74.82798788474132,61.17130556237721,13.639780044555664,6.231451511383057
235540,3,Steam_Appdetails_snapshot_100/images/235540/ss_3.jpg,1,1920,1080,41.36101273148148,41.49409880902141,364.81469039284036,0.05790412808641975,44.264139660493825,95.27280237268519,17.72059440612793,6.758837699890137
240720,0,Steam_Appdetails_snapshot_100/images/240720/ss_0.jpg,1,1920,1080,77.7341015625,50.44038302077522,118.01428674150608,0.014680748456790123,47.354312307098766,120.33783130787037,49.6180305480957,6.954751968383789
240720,1,Steam_Appdetails_snapshot_100/images/240720/ss_1.jpg,1,1920,1080,95.78136911651235,46.62501271199868,212.5287302206629,0.03651957947530864,48.424127604166664,111.05863522376544,50.377376556396484,7.19993782043457
240720,2,Steam_Appdetails_snapshot_100/images/240720/ss_2.jpg,1,1920,1080,87.08313512731482,46.2500492023978,200.6563994699672,0.02833960262345679,44.008234953703706,112.4079470486111,48.83523178100586,7.132435321807861
240720,3,Steam_Appdetails_snapshot_100/images/240720/ss_3.jpg,1,1920,1080,99.30756510416667,49.31648352159616,230.1294647480006,0.03854070216049383,46.705233410493825,114.0464347029321,53.988040924072266,7.280843734741211
242760,0,Steam_Appdetails_snapshot_100/images/242760/ss_0.jpg,1,1920,1080,64.35255979938272,60.22295881095418,125.11939718363361,0.0385595100308642,31.713315007716048,65.32771508487654,24.071619033813477,6.807355880737305
242760,1,Steam_Appdetails_snapshot_100/images/242760/ss_1.jpg,1,1920,1080,55.76078510802469,47.40615491397442,333.23840903944875,0.06396846064814815,43.568729263117284,100.56901331018518,21.46328353881836,7.0842814445495605
242760,2,Steam_Appdetails_snapshot_100/images/242760/ss_2.jpg,1,1920,1080,3.7199223572530866,7.2965040365394875,5.747581972572153,0.0004427083333333333,26.977236207561727,114.82879677854939,13.564702033996582,3.162379503250122
242760,3,Steam_Appdetails_snapshot_100/images/242760/ss_3.jpg,1,1920,1080,71.23374758873457,66.21366792811395,747.3436053130216,0.08697096836419753,48.25465470679012,95.71783082561728,25.1865234375,7.112724304199219
244210,0,Steam_Appdetails_snapshot_100/images/244210/ss_0.jpg,1,1920,1080,112.8844637345679,59.778831424505064,511.13989654486505,0.057282986111111114,67.54914496527778,57.748988715277775,39.807090759277344,7.714664459228516
244210,1,Steam_Appdetails_snapshot_100/images/244210/ss_1.jpg,1,1920,1080,114.62755497685185,64.07847054755591,912.1545871589378,0.09006558641975308,57.29108603395062,76.6921735146605,69.28738403320312,7.665915489196777
244210,2,Steam_Appdetails_snapshot_100/images/244210/ss_2.jpg,1,1920,1080,104.25825954861111,56.74512042588594,369.0902507960689,0.02919704861111111,57.55955054012345,71.83476417824075,32.102046966552734,7.606912136077881
244210,3,Steam_Appdetails_snapshot_100/images/244210/ss_3.jpg,1,1920,1080,127.98740933641976,43.61829825819939,282.8962962944953,0.02306712962962963,52.26605516975309,72.66275800540123,66.53325653076172,7.43255615234375
246620,0,Steam_Appdetails_snapshot_100/images/246620/ss_0.jpg,1,1920,1080,80.71565779320987,34.68133818326908,732.7021458948985,0.04230420524691358,81.03242717978395,148.22012731481482,49.84741973876953,6.882284164428711
246620,1,Steam_Appdetails_snapshot_100/images/246620/ss_1.jpg,1,1754,987,70.16226335751313,62.749867837622844,1058.4427865002042,0.04529753384650398,160.24077546300308,173.29878904666018,55.51972961425781,6.912932872772217
246620,2,Steam_Appdetails_snapshot_100/images/246620/ss_2.jpg,1,1920,1080,80.17593315972222,35.10790595773329,673.0754901927526,0.05476032021604938,71.66830439814815,156.6874209104938,44.56717300415039,7.027045726776123
246620,3,Steam_Appdetails_snapshot_100/images/246620/ss_3.jpg,1,1920,1080,53.90771122685185,43.99583665844051,466.8796062740101,0.01982638888888889,59.243921682098765,183.34239631558643,42.94847106933594,6.795364856719971
250900,0,Steam_Appdetails_snapshot_100/images/250900/ss_0.jpg,1,960,540,21.082029320987655,18.62780365555758,194.88779732828442,0.006682098765432099,12.269137731481482,119.23852237654322,21.999845504760742,5.28381872177124
250900,1,Steam_Appdetails_snapshot_100/images/250900/ss_1.jpg,1,1920,1080,28.179426601080248,22.338132729953692,89.35867128803525,0.008010706018518518,107.98825713734568,62.84007667824074,57.47453308105469,5.9492621421813965
250900,2,Steam_Appdetails_snapshot_100/images/250900/ss_2.jpg,1,960,540,22.587372685185183,29.165887838199385,445.41490036716726,0.011728395061728396,14.231934799382715,98.88565007716049,18.763778686523438,5.385742664337158
250900,3,Steam_Appdetails_snapshot_100/images/250900/ss_3.jpg,1,960,540,36.56684799382716,24.270159919509407,303.95918124392347,0.012550154320987654,10.520451388888889,110.15361689814814,24.066158294677734,5.812295436859131
252490,0,Steam_Appdetails_snapshot_100/images/252490/ss_0.jpg,1,1920,1080,132.62654320987653,66.1942887955319,596.7982156562115,0.033783757716049384,80.01320553626543,56.697100694444444,25.602928161621094,7.824167728424072
252490,1,Steam_Appdetails_snapshot_100/images/252490/ss_1.jpg,1,1920,1080,100.88497926311729,66.12979070456073,2576.6013608775083,0.11171826774691358,51.81182629243827,64.87654079861112,24.541166305541992,7.287972450256348
252490,2,Steam_Appdetails_snapshot_100/images/252490/ss_2.jpg,1,1920,1080,124.53739728009259,65.78757803260127,470.4677496093964,0.0856737075617284,44.9350178433642,75.37283323688271,34.179969787597656,7.818016529083252
252490,3,Steam_Appdetails_snapshot_100/images/252490/ss_3.jpg,1,1920,1080,123.90224729938272,60.42051001316168,1426.716746944078,0.09541184413580248,58.42750385802469,62.57479697145062,23.754314422607422,7.378868103027344
257510,0,Steam_Appdetails_snapshot_100/images/257510/ss_0.jpg,1,1920,1080,84.28805652006173,60.42080760796192,1510.0077601916003,0.11650511188271605,44.87995418595679,98.67713686342593,34.7564811706543,7.561334133148193
257510,1,Steam_Appdetails_snapshot_100/images/257510/ss_1.jpg,1,1920,1080,123.4423369984568,67.09628569042012,163.2724587285092,0.025656346450617283,71.0905111882716,51.9143677662037,33.947200775146484,7.720048427581787
257510,2,Steam_Appdetails_snapshot_100/images/257510/ss_2.jpg,1,1920,1080,103.17864390432099,64.48511496476554,1232.1129776476575,0.10141734182098766,50.947945119598764,45.722011477623454,44.850189208984375,7.5450334548950195
257510,3,Steam_Appdetails_snapshot_100/images/257510/ss_3.jpg,1,1920,1080,103.55225212191358,52.40704544863763,430.2231615426941,0.031047935956790125,16.680109471450617,111.17041714891975,28.032554626464844,7.164801597595215
262060,0,Steam_Appdetails_snapshot_100/images/262060/ss_0.jpg,1,1920,1080,14.537928722993827,23.559272085279005,639.9694347728132,0.042767650462962964,34.04839409722222,41.88546633873457,18.50339126586914,4.880753517150879
262060,1,Steam_Appdetails_snapshot_100/images/262060/ss_1.jpg,1,1920,1080,16.18047646604938,27.041443380716316,466.0836607735951,0.042963927469135806,14.590598958333333,105.54403742283951,31.002605438232422,4.903497695922852
262060,2,Steam_Appdetails_snapshot_100/images/262060/ss_2.jpg,1,1920,1080,22.617798032407407,35.25876824027028,1251.298299093325,0.07537760416666667,39.360948591820986,84.20357976466049,26.25206184387207,5.190249919891357
262060,3,Steam_Appdetails_snapshot_100/images/262060/ss_3.jpg,1,1920,1080,12.805268614969135,24.318205274131838,662.9595953874722,0.04756269290123457,51.74648485725309,81.52323688271605,20.79177474975586,4.524068832397461
264710,0,Steam_Appdetails_snapshot_100/images/264710/ss_0.jpg,1,1920,1080,73.26276813271605,41.634671627562675,416.63093010732223,0.055673707561728396,77.69383825231482,134.36850646219136,48.930641174316406,7.142806053161621
264710,1,Steam_Appdetails_snapshot_100/images/264710/ss_1.jpg,1,1920,1080,50.840435956790124,42.529862572309234,244.32900377942042,0.016177662037037036,36.354968653549385,172.58453269675925,76.33343505859375,6.862329006195068
264710,2,Steam_Appdetails_snapshot_100/images/264710/ss_2.jpg,1,1920,1080,69.27939863040123,39.86466426001238,350.46022868019367,0.07172067901234568,80.63966676311729,167.67653308256172,59.24334716796875,7.144972801208496
264710,3,Steam_Appdetails_snapshot_100/images/264710/ss_3.jpg,1,1920,1080,72.78798996913581,36.0517044019902,140.8563531051061,0.023748070987654323,103.04590663580247,130.80283950617283,43.938011169433594,6.948051929473877
268910,0,Steam_Appdetails_snapshot_100/images/268910/ss_0.jpg,1,1920,1080,196.1838493441358,51.64396527067357,470.7264790649133,0.018352623456790125,71.69051215277777,60.37341579861111,45.99961471557617,2.3129537105560303
268910,1,Steam_Appdetails_snapshot_100/images/268910/ss_1.jpg,1,1920,1080,94.11205488040123,52.3364816828778,43.28174359635974,0.043136091820987654,92.56606963734568,73.35426793981482,59.201534271240234,7.552009582519531
268910,2,Steam_Appdetails_snapshot_100/images/268910/ss_2.jpg,1,1920,1080,113.60531008873457,56.20488685334441,33.55026424266674,0.030474054783950617,68.86542920524691,81.29393036265432,46.91233825683594,7.582456588745117
268910,3,Steam_Appdetails_snapshot_100/images/268910/ss_3.jpg,1,1920,1080,126.06930844907407,52.0232198977557,29.925080956595885,0.0281983024691358,47.46816647376543,78.39580391589506,43.13359069824219,7.518458843231201
275850,0,Steam_Appdetails_snapshot_100/images/275850/ss_0.jpg,1,1920,1080,143.34786554783952,59.092848401734535,499.0515510881819,0.04974729938271605,97.03593412422839,152.10521363811728,87.39068603515625,7.2990946769714355
275850,1,Steam_Appdetails_snapshot_100/images/275850/ss_1.jpg,1,1920,1080,67.63063705632716,38.12767829756084,355.4264906282037,0.03259259259259259,89.51347222222222,217.2528477044753,86.64559936523438,7.066771984100342
275850,2,Steam_Appdetails_snapshot_100/images/275850/ss_2.jpg,1,1920,1080,108.19908950617284,57.001248190494884,785.0601277968148,0.08167534722222222,71.93787229938272,94.59561535493827,45.80739974975586,7.588619232177734
275850,3,Steam_Appdetails_snapshot_100/images/275850/ss_3.jpg,1,1920,1080,169.66617476851852,36.062360077786785,218.66395661580881,0.03340711805555555,95.67045283564815,49.874308931327164,26.598636627197266,7.005230903625488
282070,0,Steam_Appdetails_snapshot_100/images/282070/ss_0.jpg,1,1920,1080,93.6386545138889,76.29958846852256,761.7228742248192,0.07457947530864198,99.80355227623457,43.888327546296296,19.915149688720703,7.713996887207031
282070,1,Steam_Appdetails_snapshot_100/images/282070/ss_1.jpg,1,1920,1080,60.06147087191358,66.56534460591897,4241.6782834046435,0.14391396604938272,48.20973476080247,51.176380208333335,11.556357383728027,6.662250995635986
282070,2,Steam_Appdetails_snapshot_100/images/282070/ss_2.jpg,1,1920,1080,54.70799527391976,67.212582390504,1047.3892081386311,0.037077546296296296,25.791605420524693,39.478712866512346,16.909408569335938,6.856318473815918
282070,3,Steam_Appdetails_snapshot_100/images/282070/ss_3.jpg,1,1920,1080,41.801441936728395,55.81572848006487,984.7353683382009,0.061374903549382714,46.008299575617286,62.251108217592595,14.531929016113281,6.607373237609863
285900,0,Steam_Appdetails_snapshot_100/images/285900/ss_0.jpg,1,1920,1080,120.45829137731481,60.62628688316281,125.86810229765317,0.03970389660493827,56.657887249228395,137.2385117669753,104.28166198730469,7.639566898345947
285900,1,Steam_Appdetails_snapshot_100/images/285900/ss_1.jpg,1,1920,1080,134.21140094521604,57.06181152255218,122.72856307312115,0.03598620756172839,53.76464168595679,127.57935908564815,96.21925354003906,7.647639274597168
285900,2,Steam_Appdetails_snapshot_100/images/285900/ss_2.jpg,1,1920,1080,138.50564863040123,48.98474231500099,167.65696083823534,0.029772858796296296,89.38622106481482,75.11894820601852,50.8479118347168,7.498597621917725
285900,3,Steam_Appdetails_snapshot_100/images/285900/ss_3.jpg,1,1920,1080,119.35134307484567,64.74934973992869,470.60482782052543,0.03968701774691358,70.47729697145061,116.76599151234568,72.16918182373047,7.7421722412109375
286160,0,Steam_Appdetails_snapshot_100/images/286160/ss_0.jpg,1,1920,1080,80.81677420910493,51.080231815656305,231.59164873187328,0.0327710262345679,20.693711419753086,115.75189187885802,47.27391815185547,7.132296562194824
286160,1,Steam_Appdetails_snapshot_100/images/286160/ss_1.jpg,1,1920,1080,75.43948398919753,65.11334042066049,162.51687788726338,0.028462094907407406,17.45357060185185,132.13495611496913,41.68394088745117,7.120216369628906
286160,2,Steam_Appdetails_snapshot_100/images/286160/ss_2.jpg,1,1920,1080,63.35735194830247,30.417060130474113,173.88667521076152,0.03456500771604938,20.16292148919753,144.65823736496912,37.06797790527344,6.61787223815918
286160,3,Steam_Appdetails_snapshot_100/images/286160/ss_3.jpg,1,1920,1080,61.24259403935185,51.00898931196552,391.8747234822721,0.030186631944444445,16.546514756944443,122.15077835648148,43.40742111206055,7.01630163192749
291650,0,Steam_Appdetails_snapshot_100/images/291650/ss_0.jpg,1,1920,1080,27.818318383487654,45.45308791268982,1298.641000670661,0.041130401234567904,54.12242621527778,66.11254484953703,19.295692443847656,5.574681282043457
291650,1,Steam_Appdetails_snapshot_100/images/291650/ss_1.jpg,1,1920,1080,56.34787856867284,34.35848446525463,1246.5107623785154,0.1531370563271605,109.64965760030864,91.1206606867284,18.49559783935547,6.98034143447876
291650,2,Steam_Appdetails_snapshot_100/images/291650/ss_2.jpg,1,1920,1030,19.47996308656958,29.840589365558994,321.9927656496941,0.037227447411003235,28.914105987055017,53.34387692152104,15.813380241394043,5.2220540046691895
291650,3,Steam_Appdetails_snapshot_100/images/291650/ss_3.jpg,1,1920,1080,41.163182388117285,33.03529343805351,841.9531602260481,0.12501977237654321,103.20766589506172,133.79454812885803,21.523963928222656,6.733754634857178
294100,0,Steam_Appdetails_snapshot_100/images/294100/ss_0.jpg,1,1920,1080,61.980281153549384,35.41120169380514,2293.4349691143852,0.07540895061728395,59.79009837962963,107.39547309027778,37.66108322143555,6.7944746017456055
294100,1,Steam_Appdetails_snapshot_100/images/294100/ss_1.jpg,1,1920,1080,69.24951630015433,29.024804223817366,1067.8005615647357,0.07425106095679013,17.718271122685184,158.5323722029321,50.025901794433594,6.707813262939453
294100,2,Steam_Appdetails_snapshot_100/images/294100/ss_2.jpg,1,1920,1080,44.62030719521605,34.26028965836505,1453.0273105804988,0.034674961419753084,91.14304783950617,105.24367717978394,27.703516006469727,4.688806056976318
294100,3,Steam_Appdetails_snapshot_100/images/294100/ss_3.jpg,1,1920,1080,99.2374570794753,41.31569912572326,814.6367037616296,0.050127797067901235,95.03716917438271,91.98732880015432,36.71331787109375,6.414383888244629
304430,0,Steam_Appdetails_snapshot_100/images/304430/ss_0.jpg,1,1920,1080,47.74497829861111,37.847148153654736,58.87966372038288,0.006302083333333333,95.47619888117283,47.81393180941358,7.990410327911377,6.444273948669434
304430,1,Steam_Appdetails_snapshot_100/images/304430/ss_1.jpg,1,1920,1080,24.411891878858025,25.287986573265727,23.629011862318666,0.003664158950617284,79.22818335262346,52.06748070987654,8.758184432983398,5.665782451629639
304430,2,Steam_Appdetails_snapshot_100/images/304430/ss_2.jpg,1,1920,1080,49.228558063271606,34.893864895065846,40.61350111360182,0.008526716820987655,97.24038242669754,59.52973331404321,9.152567863464355,6.561792373657227
304430,3,Steam_Appdetails_snapshot_100/images/304430/ss_3.jpg,1,1920,1080,69.15834056712963,50.222504532731776,50.53658612941863,0.010675154320987654,94.61651861496914,45.7271484375,14.844663619995117,6.515355587005615
305620,0,Steam_Appdetails_snapshot_100/images/305620/ss_0.jpg,1,1920,1080,23.557417534722223,30.826534111843,17.04812885802097,0.00334008487654321,118.45677035108025,149.52559944058643,29.743227005004883,5.7924957275390625
305620,1,Steam_Appdetails_snapshot_100/images/305620/ss_1.jpg,1,1914,1080,31.78514358140795,35.685657598118596,40.37493507602346,0.009363268702349162,27.087956190255042,94.82365464994776,28.738943099975586,6.337459564208984
305620,2,Steam_Appdetails_snapshot_100/images/305620/ss_2.jpg,1,1280,624,92.17051031650641,46.401948969186805,38.663048259721315,0.005412409855769231,95.54362104366987,102.5193622295673,23.812116622924805,7.154043197631836
305620,3,Steam_Appdetails_snapshot_100/images/305620/ss_3.jpg,1,1914,1080,64.54226556755292,39.65995084447107,114.03292837372179,0.030082433530709392,72.98547012268277,45.43366616355122,7.386916160583496,6.897188186645508
311690,0,Steam_Appdetails_snapshot_100/images/311690/ss_0.jpg,1,1920,1080,30.476634837962962,32.12868357158395,498.4999109756781,0.020481288580246913,112.65554494598766,113.13998505015432,39.732688903808594,5.738221645355225
311690,1,Steam_Appdetails_snapshot_100/images/311690/ss_1.jpg,1,1920,1080,47.22313512731481,55.63588290828365,895.7424420272994,0.051048418209876545,70.20568817515432,149.20658275462964,90.51558685302734,6.832231521606445
311690,2,Steam_Appdetails_snapshot_100/images/311690/ss_2.jpg,1,1920,1080,60.44653211805556,54.977303564256424,573.9511452457434,0.040613908179012344,94.63889708719135,70.6600675154321,46.86543655395508,6.7974042892456055
311690,3,Steam_Appdetails_snapshot_100/images/311690/ss_3.jpg,1,1920,1080,53.03022907021605,61.447018748780934,736.7424295910494,0.04058015046296296,19.55402488425926,118.42489101080247,59.127540588378906,6.8109025955200195
313630,0,Steam_Appdetails_snapshot_100/images/313630/ss_0.jpg,1,1920,1080,100.70149064429012,72.46681219091161,557.226910470227,0.09823447145061728,37.98392554012346,120.50062355324074,56.832305908203125,7.778503894805908
313630,1,Steam_Appdetails_snapshot_100/images/313630/ss_1.jpg,1,1920,1080,134.08133198302468,63.77541529723965,168.61309398258456,0.02285011574074074,77.95241078317902,77.0735050154321,50.04355239868164,7.759171962738037
313630,2,Steam_Appdetails_snapshot_100/images/313630/ss_2.jpg,1,1920,1080,22.50304976851852,45.62070736356123,309.54868957795617,0.04924334490740741,55.39549575617284,80.9762890625,11.581164360046387,4.569958686828613
313630,3,Steam_Appdetails_snapshot_100/images/313630/ss_3.jpg,1,1920,1080,127.18942949459877,51.59789270213156,654.0323813141979,0.08063319830246914,108.54938030478395,74.95727334104939,43.12314987182617,7.606389045715332
322170,0,Steam_Appdetails_snapshot_100/images/322170/ss_0.jpg,1,1920,1080,66.39386236496914,47.52154183028398,286.13928249367126,0.043875385802469136,124.78463252314815,225.8215089699074,104.4749755859375,6.517855644226074
322170,1,Steam_Appdetails_snapshot_100/images/322170/ss_1.jpg,1,1920,1080,31.604493152006174,39.78651158396134,202.13806389711038,0.034577546296296294,62.41251591435185,182.12203462577162,59.589447021484375,5.604768753051758
322170,2,Steam_Appdetails_snapshot_100/images/322170/ss_2.jpg,1,1920,1080,22.805925925925926,37.257668318937476,148.46605192954445,0.011885609567901235,110.8595206404321,174.6477170138889,54.37562561035156,4.959725379943848
322170,3,Steam_Appdetails_snapshot_100/images/322170/ss_3.jpg,1,1920,1080,62.34371238425926,45.25333077348834,336.4668252103827,0.03523726851851852,124.34475790895061,236.28329378858024,112.37692260742188,6.474460601806641
322330,0,Steam_Appdetails_snapshot_100/images/322330/ss_0.jpg,1,1920,1080,43.875629340277776,43.573752534398146,701.3438985809702,0.07308207947530865,40.92010898919753,124.20104504243827,52.21779251098633,6.828497409820557
322330,1,Steam_Appdetails_snapshot_100/images/322330/ss_1.jpg,1,1920,1080,73.87469714506173,68.5640408179956,271.0803853905437,0.04732494212962963,94.19239293981481,69.66103250385802,23.939146041870117,7.248280048370361
322330,2,Steam_Appdetails_snapshot_100/images/322330/ss_2.jpg,1,1920,1080,72.9750602816358,50.72116574692728,1869.4589425806914,0.13980565200617284,29.374796006944443,118.0950250771605,32.21290588378906,7.421154022216797
322330,3,Steam_Appdetails_snapshot_100/images/322330/ss_3.jpg,1,1920,1080,68.18107831790124,42.15884894722368,652.5173315561553,0.05622781635802469,16.868832947530866,109.85690779320987,29.023544311523438,7.226778984069824
346110,0,Steam_Appdetails_snapshot_100/images/346110/ss_0.jpg,1,1920,1080,121.43395929783951,55.99214396062859,363.9023035601309,0.03252555941358025,65.80350067515432,101.18457899305555,53.32282257080078,7.6729655265808105
346110,1,Steam_Appdetails_snapshot_100/images/346110/ss_1.jpg,1,1920,1080,80.5837109375,66.33218281242553,417.2531386018581,0.02841676311728395,86.26576533564815,64.72225694444444,30.93768882751465,7.382597923278809
346110,2,Steam_Appdetails_snapshot_100/images/346110/ss_2.jpg,1,1600,900,85.09636111111111,61.778701825616956,972.7483602113768,0.0976625,31.648304166666666,114.02969652777777,39.57896423339844,7.5139970779418945
346110,3,Steam_Appdetails_snapshot_100/images/346110/ss_3.jpg,1,1920,1080,86.90743778935185,58.333382336648455,748.4641775193695,0.09427372685185186,47.758291859567905,53.059791184413584,25.971446990966797,7.513609409332275
361420,0,Steam_Appdetails_snapshot_100/images/361420/ss_0.jpg,1,1147,645,94.43462352074505,46.337184204873545,1234.7186189384122,0.06670721734487677,143.7931672107216,173.54405087758425,90.52406311035156,7.371911525726318
361420,1,Steam_Appdetails_snapshot_100/images/361420/ss_1.jpg,1,1147,645,84.78329852733454,55.567918673846314,670.0158538608664,0.07276413698019099,107.19427694761528,215.23006562451422,112.83511352539062,7.342705249786377
361420,2,Steam_Appdetails_snapshot_100/images/361420/ss_2.jpg,1,1147,645,45.246484594121505,39.60946665642617,428.41845845445414,0.030430580618127506,129.7920520670708,154.11823361245717,51.37336730957031,6.708250522613525
361420,3,Steam_Appdetails_snapshot_100/images/361420/ss_3.jpg,1,1920,1080,134.43249131944444,44.86496743255984,87.97460398339352,0.0215258487654321,127.85901813271605,126.1254615162037,75.44284057617188,7.126563549041748
362890,0,Steam_Appdetails_snapshot_100/images/362890/ss_0.jpg,1,1920,1080,43.44028260030864,47.883965558395495,83.59765227274791,0.009895833333333333,120.25645495756173,186.806233121142,46.00252151489258,6.480740547180176
362890,1,Steam_Appdetails_snapshot_100/images/362890/ss_1.jpg,1,1920,1080,44.646258680555555,44.90149808710466,237.6653804250121,0.022333622685185184,90.98850549768518,128.8915653935185,44.332794189453125,6.851986408233643
362890,2,Steam_Appdetails_snapshot_100/images/362890/ss_2.jpg,1,1920,1080,34.07556568287037,37.29516292312722,429.72147906173177,0.025226658950617285,14.747454668209876,225.76629050925925,57.13652038574219,6.360163688659668
362890,3,Steam_Appdetails_snapshot_100/images/362890/ss_3.jpg,1,1920,1080,41.14041329089506,24.34970434959168,89.43818828733934,0.015635127314814815,85.34264178240741,103.91556037808643,17.267793655395508,6.223137378692627
367520,0,Steam_Appdetails_snapshot_100/images/367520/ss_0.jpg,1,1920,1080,102.82201388888889,67.356257436497,98.5630535670058,0.0349609375,85.84156346450617,87.53539255401235,34.23657989501953,7.729428768157959
367520,1,Steam_Appdetails_snapshot_100/images/367520/ss_1.jpg,1,1920,1080,66.26406973379629,48.702997249411204,198.01238997440117,0.027977430555555554,87.0919319058642,192.88700858410493,72.52833557128906,7.286673069000244
367520,2,Steam_Appdetails_snapshot_100/images/367520/ss_2.jpg,1,1920,1080,58.860770158179015,39.080799691145636,77.8890774404497,0.0344627700617284,158.8939385609568,150.3189096257716,65.5407943725586,7.022397994995117
367520,3,Steam_Appdetails_snapshot_100/images/367520/ss_3.jpg,1,1920,1080,118.81108024691358,82.50827241137654,28.207966326538468,0.008650173611111112,122.63081597222222,105.46237750771606,45.462646484375,7.73676872253418
376210,0,Steam_Appdetails_snapshot_100/images/376210/ss_0.jpg,1,1920,1080,62.61632571373457,48.75763365528726,1642.4983378461495,0.08896026234567901,49.752954764660494,67.50953414351852,21.13543128967285,7.0435895919799805
376210,1,Steam_Appdetails_snapshot_100/images/376210/ss_1.jpg,1,1920,1080,100.48760995370371,68.6596636354269,232.99505639719857,0.05496286651234568,53.39914882330247,64.44179976851852,24.703418731689453,7.243161201477051
376210,2,Steam_Appdetails_snapshot_100/images/376210/ss_2.jpg,1,1920,1080,90.95293933256173,38.18354683288073,1228.8787721826895,0.10065200617283951,74.11910783179012,51.24888406635802,19.919342041015625,7.1177568435668945
376210,3,Steam_Appdetails_snapshot_100/images/376210/ss_3.jpg,1,1920,1080,56.67952208719136,32.329095002844205,216.8430853937929,0.058426408179012346,33.721148244598766,95.32799238040124,18.450834274291992,6.918201923370361
379430,0,Steam_Appdetails_snapshot_100/images/379430/ss_0.jpg,1,1920,1080,66.22270351080248,80.53772919365784,357.17092113176636,0.03155478395061728,17.418338638117284,68.64270399305556,33.63814926147461,6.5448808670043945
379430,1,Steam_Appdetails_snapshot_100/images/379430/ss_1.jpg,1,1920,1080,59.751512827932096,37.877229177171586,1427.3220804141383,0.11987991898148148,43.74890914351852,75.7623080632716,25.633434295654297,6.908553600311279
379430,2,Steam_Appdetails_snapshot_100/images/379430/ss_2.jpg,1,1920,1080,73.74238088348766,65.71032471590493,1528.263018903643,0.08952353395061728,49.37706404320988,87.61096498842592,33.500091552734375,7.337165832519531
379430,3,Steam_Appdetails_snapshot_100/images/379430/ss_3.jpg,1,1920,1080,77.28895158179013,62.91934055392743,1577.0079317286975,0.11707658179012345,41.614583333333336,95.71775077160494,22.929330825805664,7.4101643562316895
383870,0,Steam_Appdetails_snapshot_100/images/383870/ss_0.jpg,1,1920,1080,89.62325424382716,70.24803148287174,235.86237894005586,0.024890046296296296,87.36283130787037,185.71836757330246,82.755615234375,7.414758205413818
383870,1,Steam_Appdetails_snapshot_100/images/383870/ss_1.jpg,1,1920,1080,130.2533878279321,67.32600003003752,2142.01557694238,0.07773244598765432,68.04106240354939,104.8430184220679,53.86029052734375,7.704257011413574
383870,2,Steam_Appdetails_snapshot_100/images/383870/ss_2.jpg,1,1920,1080,60.6113175154321,31.500265703493618,900.0955646446474,0.05206983024691358,15.567628761574074,208.5966232638889,48.58750534057617,6.5356645584106445
383870,3,Steam_Appdetails_snapshot_100/images/383870/ss_3.jpg,1,1920,1080,92.24098524305556,53.153735161564576,1349.5074907989535,0.12999083719135804,69.09727430555556,146.13630787037036,53.5019416809082,7.309151649475098
387990,0,Steam_Appdetails_snapshot_100/images/387990/ss_0.jpg,1,1920,1080,101.35360194830247,43.71036179333553,395.7420415444624,0.06911410108024692,41.48504388503086,172.87345100308642,73.58473205566406,7.185926914215088
387990,1,Steam_Appdetails_snapshot_100/images/387990/ss_1.jpg,1,1920,1080,78.6071344521605,35.28651579811444,165.53848227582014,0.03587673611111111,89.12963204089506,129.6076890432099,62.31991195678711,6.895942687988281
387990,2,Steam_Appdetails_snapshot_100/images/387990/ss_2.jpg,1,1920,1080,117.92886525848765,53.83870099170597,214.46834599944808,0.039972511574074075,38.79140239197531,135.75329668209878,90.9694595336914,7.170578479766846
387990,3,Steam_Appdetails_snapshot_100/images/387990/ss_3.jpg,1,1920,1080,87.27036699459876,52.66642641407453,515.9972169808448,0.043680555555555556,56.21911554783951,93.23885175540123,59.996253967285156,6.903580188751221
391540,0,Steam_Appdetails_snapshot_100/images/391540/ss_0.jpg,1,634,476,39.441471383506084,64.67470842756762,2397.4176165734434,0.02307279378628423,5.819582880470801,62.40633366911433,67.60149383544922,1.9463493824005127
391540,1,Steam_Appdetails_snapshot_100/images/391540/ss_1.jpg,1,640,480,42.601494140625,48.96276618387608,1081.1686002604167,0.017779947916666667,65.1603515625,39.53121419270833,42.164676666259766,2.1317195892333984
391540,2,Steam_Appdetails_snapshot_100/images/391540/ss_2.jpg,1,640,480,22.226341145833334,67.97470625356625,6123.085256985124,0.05846354166666667,9.625042317708333,35.389541015625,36.58528137207031,1.4610629081726074
391540,3,Steam_Appdetails_snapshot_100/images/391540/ss_3.jpg,1,640,480,64.06695963541667,69.90663268782852,4622.430727668592,0.06357747395833334,72.59803059895833,82.58258138020834,67.89261627197266,3.3299689292907715
392110,0,Steam_Appdetails_snapshot_100/images/392110/ss_0.jpg,1,1920,1080,56.04587577160494,60.86715777024403,73.73604889516017,0.009625771604938271,25.901076871141974,189.56650511188272,80.33818817138672,7.090982437133789
392110,1,Steam_Appdetails_snapshot_100/images/392110/ss_1.jpg,1,1920,1080,50.75749710648148,49.8903713107305,1224.0106908058783,0.05165798611111111,55.36881558641975,51.52840760030864,26.278566360473633,7.004765510559082
392110,2,Steam_Appdetails_snapshot_100/images/392110/ss_2.jpg,1,1920,1080,53.62699701003086,37.65145238302382,105.09301408065053,0.011158371913580246,97.8678370949074,163.90492766203704,76.52003479003906,6.722360134124756
392110,3,Steam_Appdetails_snapshot_100/images/392110/ss_3.jpg,1,1920,1080,36.32358603395062,51.82712526487078,382.21816357773145,0.022588252314814816,55.45642119984568,93.50814525462962,32.178001403808594,6.347019195556641
413150,0,Steam_Appdetails_snapshot_100/images/413150/ss_0.jpg,1,1920,1080,122.16921971450617,54.487418466386565,1884.7260241661018,0.1507691936728395,31.450776909722222,207.94432098765432,114.07798767089844,7.268837928771973
413150,1,Steam_Appdetails_snapshot_100/images/413150/ss_1.jpg,1,1920,1080,18.02247444058642,23.421576521064548,142.36101273058748,0.011887056327160493,25.472066454475307,124.48409722222222,25.556293487548828,4.53124475479126
413150,2,Steam_Appdetails_snapshot_100/images/413150/ss_2.jpg,1,1920,1080,107.63563850308643,46.86845270280556,1209.3286491942185,0.1410517939814815,47.83208912037037,198.56798369984568,93.54174041748047,6.97263240814209
413150,3,Steam_Appdetails_snapshot_100/images/413150/ss_3.jpg,1,1828,1080,39.817799254396625,30.527656700695616,393.26376059670287,0.08450846908177324,97.63400295810034,204.6268802171975,62.54423522949219,6.263280868530273
414340,0,Steam_Appdetails_snapshot_100/images/414340/ss_0.jpg,1,1920,1080,83.59137586805555,50.3040634479014,152.30421883888172,0.019266493055555556,99.42532552083334,43.43365933641975,10.980488777160645,7.55308723449707
414340,1,Steam_Appdetails_snapshot_100/images/414340/ss_1.jpg,1,1920,1080,88.0084799382716,54.506898998476814,409.3380939003683,0.04015769675925926,23.4885050154321,155.3356785300926,52.39158630371094,7.513777732849121
414340,2,Steam_Appdetails_snapshot_100/images/414340/ss_2.jpg,1,1920,1080,106.88510513117284,70.4138292997454,448.8845888836496,0.04393663194444444,54.639464699074075,65.03517168209876,19.36768341064453,7.824561595916748
414340,3,Steam_Appdetails_snapshot_100/images/414340/ss_3.jpg,1,1920,1080,38.420163483796294,25.95248894905346,154.28008369321378,0.02000337577160494,113.56261525848765,58.939195119598764,16.255136489868164,6.34778356552124
414700,0,Steam_Appdetails_snapshot_100/images/414700/ss_0.jpg,1,1920,1080,27.642140721450616,32.327723127207385,111.09328413458421,0.020849729938271604,68.43048225308642,147.98862364969136,12.985318183898926,6.098194599151611
414700,1,Steam_Appdetails_snapshot_100/images/414700/ss_1.jpg,1,1920,1080,22.843359375,32.27196319094369,154.91065345287979,0.00982638888888889,37.872829861111114,49.01042004243827,12.272394180297852,5.5436882972717285
414700,2,Steam_Appdetails_snapshot_100/images/414700/ss_2.jpg,1,1920,1080,19.89469955632716,23.5418068717435,51.288290412769335,0.010176986882716049,87.35831500771604,96.96434027777778,10.885503768920898,5.458613872528076
414700,3,Steam_Appdetails_snapshot_100/images/414700/ss_3.jpg,1,1920,1080,48.912827932098764,25.26695825737559,66.0002676360435,0.009768036265432099,105.18940104166667,183.83088831018517,68.44243621826172,6.384322166442871
418240,0,Steam_Appdetails_snapshot_100/images/418240/ss_0.jpg,1,1920,1080,157.69162181712963,48.63382923330236,1448.5951647466945,0.1439183063271605,84.98179928626543,34.55709731867284,20.15493392944336,7.472407341003418
418240,1,Steam_Appdetails_snapshot_100/images/418240/ss_1.jpg,1,1920,1080,67.51536265432098,43.687908598820016,1167.288951083328,0.10378327546296297,71.7757455632716,118.53591869212963,37.82107925415039,7.159012794494629
418240,2,Steam_Appdetails_snapshot_100/images/418240/ss_2.jpg,1,1920,1080,68.85810619212963,43.616694050836706,1156.1145818803764,0.12269241898148148,85.54258584104939,113.55746865354938,45.93798828125,7.3200812339782715
418240,3,Steam_Appdetails_snapshot_100/images/418240/ss_3.jpg,1,1920,1080,95.80740499614197,24.10209628196938,233.44325183845595,0.03446180555555556,12.91160686728395,117.88358603395062,37.071571350097656,6.383691787719727
424840,0,Steam_Appdetails_snapshot_100/images/424840/ss_0.jpg,1,1920,1080,28.281037808641976,15.160185810190336,12.079945987244072,0.0011357060185185185,139.71686969521605,57.85559702932099,10.846952438354492,4.960415840148926
424840,1,Steam_Appdetails_snapshot_100/images/424840/ss_1.jpg,1,1920,1080,29.173726851851853,13.5839024505663,41.18430361130164,0.007071759259259259,115.15498022762345,70.10276813271605,7.9141082763671875,4.790425777435303
424840,2,Steam_Appdetails_snapshot_100/images/424840/ss_2.jpg,1,1920,1080,46.6583203125,39.62345031283977,111.25165581797324,0.0207445987654321,94.63834297839506,61.642205343364196,16.252323150634766,6.3072028160095215
424840,3,Steam_Appdetails_snapshot_100/images/424840/ss_3.jpg,1,1920,1080,28.917389081790123,28.07212631664612,63.00692269945161,0.012416570216049383,113.95112798996914,81.98362461419752,11.23581314086914,5.375759124755859
427520,0,Steam_Appdetails_snapshot_100/images/427520/ss_0.jpg,1,1920,1080,67.3640552662037,38.764197828718764,1100.7914183887435,0.12428240740740741,18.048552758487656,150.96569926697532,49.90543746948242,7.114505767822266
427520,1,Steam_Appdetails_snapshot_100/images/427520/ss_1.jpg,1,1920,1080,54.963898051697534,38.85561705646138,2928.9687444603665,0.18062789351851852,52.57430362654321,108.5164776234568,37.924766540527344,7.0240983963012695
427520,2,Steam_Appdetails_snapshot_100/images/427520/ss_2.jpg,1,1920,1080,25.528130787037036,16.687774380965053,446.292231847725,0.031112557870370372,63.74663532021605,85.03934751157408,16.196672439575195,5.660521507263184
427520,3,Steam_Appdetails_snapshot_100/images/427520/ss_3.jpg,1,1920,1080,85.6599643132716,44.59602317844114,6146.514745149327,0.2816546103395062,37.14224729938272,113.23997251157408,56.34812545776367,7.437869071960449
433340,0,Steam_Appdetails_snapshot_100/images/433340/ss_0.jpg,1,1920,1080,124.92200135030865,49.84403409326521,277.57595121356957,0.03003713348765432,44.760733024691355,134.82803096064814,87.3616943359375,7.408790588378906
433340,1,Steam_Appdetails_snapshot_100/images/433340/ss_1.jpg,1,1920,1080,124.5305295138889,48.63831473590006,402.89451243291967,0.04156346450617284,83.30353829089506,113.54358989197532,73.69490814208984,7.533266067504883
433340,2,Steam_Appdetails_snapshot_100/images/433340/ss_2.jpg,1,1920,1080,98.3071768904321,41.92432272366392,314.5950999021865,0.02402054398148148,115.37136815200617,85.79206018518518,69.55560302734375,6.7383317947387695
433340,3,Steam_Appdetails_snapshot_100/images/433340/ss_3.jpg,1,1920,1080,110.73403838734568,47.21462375908826,241.8624247184475,0.017995273919753085,124.20002893518519,129.83185570987655,102.97626495361328,7.234646797180176
457140,0,Steam_Appdetails_snapshot_100/images/457140/ss_0.jpg,1,1920,1080,104.15954041280864,54.48386010057753,2902.196999890979,0.13649498456790124,27.49570601851852,87.52841628086419,29.042041778564453,7.630531311035156
457140,1,Steam_Appdetails_snapshot_100/images/457140/ss_1.jpg,1,1920,1080,71.09973813657408,63.66981395478053,815.3365647930463,0.06978684413580247,102.24974681712963,103.07312596450618,31.77753448486328,7.270027160644531
457140,2,Steam_Appdetails_snapshot_100/images/457140/ss_2.jpg,1,1920,1080,65.28808111496913,61.940083823785606,289.745900751711,0.04238425925925926,106.90696325231481,84.1128269675926,32.04935073852539,7.084982395172119
457140,3,Steam_Appdetails_snapshot_100/images/457140/ss_3.jpg,1,1920,1080,106.86003327546297,57.09392201129302,900.8565638380951,0.08973283179012345,32.740240644290125,81.4095172646605,38.21782302856445,7.577844619750977
477160,0,Steam_Appdetails_snapshot_100/images/477160/ss_0.jpg,1,1920,1080,90.75619164737654,69.90424618536514,353.7667981588293,0.024307484567901234,47.41857301311728,60.63099537037037,32.51642608642578,7.202457427978516
477160,1,Steam_Appdetails_snapshot_100/images/477160/ss_1.jpg,1,1920,1080,140.30953751929013,57.84555471526391,401.79681179874575,0.03353105709876543,46.33219859182099,80.5219246720679,64.77867126464844,7.161795139312744
477160,2,Steam_Appdetails_snapshot_100/images/477160/ss_2.jpg,1,1920,1080,160.4585368441358,61.31294049391539,532.2458014822798,0.03884982638888889,50.06472222222222,48.54316550925926,37.65915298461914,7.441252708435059
477160,3,Steam_Appdetails_snapshot_100/images/477160/ss_3.jpg,1,1920,1080,143.83057629243828,51.538067591429005,252.40029510807454,0.029855324074074076,26.22525318287037,56.77898823302469,35.33018493652344,6.288667678833008
508440,0,Steam_Appdetails_snapshot_100/images/508440/ss_0.jpg,1,1920,1080,136.8570452353395,53.57672980366151,255.97336828189052,0.030807291666666667,84.28613570601851,124.06793740354938,69.5147705078125,7.316359519958496
508440,1,Steam_Appdetails_snapshot_100/images/508440/ss_1.jpg,1,1907,1080,177.73997795645673,53.60368637437424,245.58552311889355,0.03202334479209151,84.51702451008953,72.04713579599526,42.323936462402344,6.929852485656738
508440,2,Steam_Appdetails_snapshot_100/images/508440/ss_2.jpg,1,1920,1079,150.50539803444548,57.82499905853159,515.0621620469753,0.07799225749150449,91.61677382607353,91.43189102564102,56.054962158203125,7.522521495819092
508440,3,Steam_Appdetails_snapshot_100/images/508440/ss_3.jpg,1,1920,1079,46.44447646354649,41.52492847834848,570.6061563561008,0.018245578467717023,111.80877741736175,73.76928193543404,21.357616424560547,2.3560128211975098
526870,0,Steam_Appdetails_snapshot_100/images/526870/ss_0.jpg,1,1920,1080,110.50865306712963,65.46322657737491,1247.2804565488943,0.12651765046296296,107.18084731867285,89.49603829089506,47.77954864501953,7.7814860343933105
526870,1,Steam_Appdetails_snapshot_100/images/526870/ss_1.jpg,1,1920,1080,121.8534910300926,42.691198637217774,588.863453410718,0.061515239197530866,87.67621334876543,89.85530574845679,36.94303512573242,7.334519386291504
526870,2,Steam_Appdetails_snapshot_100/images/526870/ss_2.jpg,1,1920,1080,106.97167824074074,56.38872171191575,4379.7627270481435,0.19479407793209877,72.02921971450617,89.08860484182098,29.908889770507812,7.655758857727051
526870,3,Steam_Appdetails_snapshot_100/images/526870/ss_3.jpg,1,1920,1040,76.85287359775641,52.323300066255044,545.8692742403449,0.06005909455128205,86.75857872596154,106.70244190705128,44.96250534057617,7.455480575561523
535930,0,Steam_Appdetails_snapshot_100/images/535930/ss_0.jpg,1,1920,1080,117.49923177083333,36.9151475628541,342.7786650581284,0.08131317515432099,45.597157118055556,65.38472077546297,31.529617309570312,7.165277004241943
535930,1,Steam_Appdetails_snapshot_100/images/535930/ss_1.jpg,1,1920,1080,133.15090181327162,59.43875896565572,82.92792339195388,0.022914255401234568,84.30665702160493,69.72789978780864,29.86691665649414,7.716412544250488
535930,2,Steam_Appdetails_snapshot_100/images/535930/ss_2.jpg,1,1920,1080,79.6261472800926,46.25021641653894,115.966083516983,0.01820119598765432,25.85304542824074,154.64585117669753,47.315792083740234,6.877087593078613
535930,3,Steam_Appdetails_snapshot_100/images/535930/ss_3.jpg,1,1920,1080,124.45613811728396,40.14930587790824,120.5438816411327,0.028064718364197532,72.59362364969135,42.81144193672839,23.899873733520508,7.158786773681641
581320,0,Steam_Appdetails_snapshot_100/images/581320/ss_0.jpg,1,1920,1080,196.7867505787037,74.27580769530046,2626.242777999242,0.08047501929012346,24.843238811728394,56.0275993441358,75.32968139648438,6.535968780517578
581320,1,Steam_Appdetails_snapshot_100/images/581320/ss_1.jpg,1,1920,1080,122.78603973765432,68.83992381783506,128.10151944119593,0.011116898148148148,10.984963348765431,121.63985194830246,47.08770751953125,7.800532817840576
581320,2,Steam_Appdetails_snapshot_100/images/581320/ss_2.jpg,1,1920,1080,132.64736062885802,65.86944572368414,1767.8562856053472,0.08002507716049383,34.22150607638889,96.42591145833333,46.783485412597656,7.87497091293335
581320,3,Steam_Appdetails_snapshot_100/images/581320/ss_3.jpg,1,1920,1080,94.2719386574074,66.02436817044463,175.24073750934156,0.011095679012345679,11.541096161265433,158.05728202160495,42.76447296142578,7.586302280426025
588650,0,Steam_Appdetails_snapshot_100/images/588650/ss_0.jpg,1,1916,1080,52.70378247506379,46.282565832293386,65.51580640846795,0.009662781257248898,129.9028014575118,131.0032963156267,45.072227478027344,6.124885559082031
588650,1,Steam_Appdetails_snapshot_100/images/588650/ss_1.jpg,1,1920,1080,44.543809799382714,31.690298687973257,73.27710827177071,0.012858796296296297,60.649342206790124,200.90339650848765,51.30833053588867,6.292083263397217
588650,2,Steam_Appdetails_snapshot_100/images/588650/ss_2.jpg,1,1916,1080,116.36268412201345,50.606566156844934,160.48375019762724,0.02479993041057759,109.82130837779324,117.29451645016624,54.2645263671875,7.3065924644470215
588650,3,Steam_Appdetails_snapshot_100/images/588650/ss_3.jpg,1,1916,1080,79.17199798963891,39.318312860674055,204.83247409570023,0.026184953220443827,74.61743504987241,153.60866050027062,54.20042419433594,6.925576686859131
613100,0,Steam_Appdetails_snapshot_100/images/613100/ss_0.jpg,1,1920,1080,134.71167052469136,54.440206758147426,499.3784283292317,0.05414158950617284,23.004957079475307,82.87899064429013,46.139617919921875,7.731185436248779
613100,1,Steam_Appdetails_snapshot_100/images/613100/ss_1.jpg,1,1920,1080,63.517664930555554,44.499383518786864,253.30905509279145,0.04512538580246914,44.605878665123456,67.49417197145061,20.418140411376953,7.125055313110352
613100,2,Steam_Appdetails_snapshot_100/images/613100/ss_2.jpg,1,1920,1080,85.66254388503087,53.283978322588155,303.1616669300451,0.030697337962962964,29.446936728395062,91.31145447530864,35.82878875732422,7.516541957855225
613100,3,Steam_Appdetails_snapshot_100/images/613100/ss_3.jpg,1,1920,1080,153.10659191743827,56.58110828504703,233.90035680914195,0.030458622685185184,77.90929735725308,77.53969184027778,42.5001106262207,7.611127853393555
620980,0,Steam_Appdetails_snapshot_100/images/620980/ss_0.jpg,1,1920,1080,102.49012538580247,58.59031234692476,292.1881633318633,0.022508198302469137,135.8615875771605,141.40635802469137,71.16193389892578,7.448441505432129
620980,1,Steam_Appdetails_snapshot_100/images/620980/ss_1.jpg,1,1920,1080,33.715553144290126,46.08579069696555,152.0741961801453,0.01665991512345679,109.6079509066358,189.51030719521606,51.29609680175781,6.107970714569092
620980,2,Steam_Appdetails_snapshot_100/images/620980/ss_2.jpg,1,1920,1080,49.10291087962963,55.65498153040963,256.40648719385837,0.02450713734567901,34.38423369984568,88.02550540123457,36.36855697631836,6.655157089233398
620980,3,Steam_Appdetails_snapshot_100/images/620980/ss_3.jpg,1,1920,1080,56.40109905478395,52.18495071809743,226.0442490024392,0.028082079475308643,27.693210358796296,211.68505063657406,65.39881134033203,6.886941909790039
621060,0,Steam_Appdetails_snapshot_100/images/621060/ss_0.jpg,1,1920,1080,131.89402054398147,59.3524906206357,572.0808845788627,0.061081693672839506,120.9784698109568,75.07321180555556,53.40738296508789,7.63010311126709
621060,1,Steam_Appdetails_snapshot_100/images/621060/ss_1.jpg,1,1920,1080,97.4596551890432,69.19025825769772,970.0719905391312,0.055129243827160494,105.29992669753086,106.28245756172839,55.706886291503906,7.352836608886719
621060,2,Steam_Appdetails_snapshot_100/images/621060/ss_2.jpg,1,1920,1080,105.06329619984568,67.6321357116384,873.8207489122058,0.06159963348765432,127.53039930555556,83.75495177469136,63.05893325805664,7.590302467346191
621060,3,Steam_Appdetails_snapshot_100/images/621060/ss_3.jpg,1,1920,1080,128.63545380015432,65.22865007921682,749.9018547879245,0.05263454861111111,94.75953317901235,85.01228925540123,61.98588562011719,7.649151802062988
629760,0,Steam_Appdetails_snapshot_100/images/629760/ss_0.jpg,1,1920,1080,78.22581114969135,54.43848912359015,574.7213620255463,0.045011091820987656,38.796929494598764,106.72352864583333,38.71903991699219,7.470982074737549
629760,1,Steam_Appdetails_snapshot_100/images/629760/ss_1.jpg,1,1920,1080,78.53010706018519,66.24560657753636,1118.6635606716059,0.09678433641975309,57.366298707561725,101.05452160493827,34.316802978515625,7.600307941436768
629760,2,Steam_Appdetails_snapshot_100/images/629760/ss_2.jpg,1,1920,1080,56.960393518518515,48.917408245682566,393.1853239568484,0.06286265432098766,54.09000434027778,89.29461902006173,25.27780532836914,7.1490702629089355
629760,3,Steam_Appdetails_snapshot_100/images/629760/ss_3.jpg,1,1920,1080,133.41886959876544,69.30391354820587,258.0048731336785,0.02029562114197531,55.37223910108025,34.408644386574075,11.031830787658691,7.902003288269043
632360,0,Steam_Appdetails_snapshot_100/images/632360/ss_0.jpg,1,1920,1080,99.51569106867284,72.7773368885729,1653.4008714184836,0.05545090663580247,81.61541811342593,148.36887490354937,64.59989166259766,6.945136547088623
632360,1,Steam_Appdetails_snapshot_100/images/632360/ss_1.jpg,1,1904,1080,112.64875457127296,51.487386831326674,511.4682860580651,0.03537435807656396,15.634888538748832,158.05050770308122,68.9787368774414,7.145849227905273
632360,2,Steam_Appdetails_snapshot_100/images/632360/ss_2.jpg,1,1920,1080,76.54526041666666,57.99524102367689,880.5531664711522,0.027845293209876543,97.1429509066358,142.26875434027778,46.913726806640625,6.794277667999268
632360,3,Steam_Appdetails_snapshot_100/images/632360/ss_3.jpg,1,1920,1080,109.36043016975309,79.44234547907173,984.2467216433092,0.03637345679012346,75.05703751929012,88.62702787422839,60.367042541503906,7.1093058586120605
632470,0,Steam_Appdetails_snapshot_100/images/632470/ss_0.jpg,1,1920,1080,57.329553433641976,47.15726460461443,648.6477526923975,0.07180700231481481,51.47694926697531,55.00534529320988,25.642215728759766,7.151450157165527
632470,1,Steam_Appdetails_snapshot_100/images/632470/ss_1.jpg,1,1920,1080,43.099545235339505,54.131288442906815,2280.450904669579,0.07184751157407407,46.520678530092596,32.39974103009259,22.436521530151367,6.527176856994629
632470,2,Steam_Appdetails_snapshot_100/images/632470/ss_2.jpg,1,1920,1080,110.34805652006173,71.98562238284511,1271.0269213640606,0.09513020833333333,39.741050829475306,64.28817949459877,42.24883270263672,7.663179397583008
632470,3,Steam_Appdetails_snapshot_100/images/632470/ss_3.jpg,1,1920,1080,69.17487364969136,57.01812281979627,2209.5640586120544,0.07828993055555555,63.22611014660494,69.27867428626543,41.22651290893555,7.176088333129883
644930,0,Steam_Appdetails_snapshot_100/images/644930/ss_0.jpg,1,1920,1080,66.2937572337963,50.32561259035232,1452.2278646146779,0.10626784336419753,24.1497265625,191.66417341820988,62.80958557128906,7.279175758361816
644930,1,Steam_Appdetails_snapshot_100/images/644930/ss_1.jpg,1,1920,1080,41.90717833719136,39.23603386884267,205.09907593217645,0.055163966049382715,59.552177372685186,167.09911844135803,43.38744354248047,6.7957658767700195
644930,2,Steam_Appdetails_snapshot_100/images/644930/ss_2.jpg,1,1920,1080,73.1901032021605,47.82627699163455,496.1657894419708,0.17125868055555554,18.131831114969135,204.117511091821,64.34607696533203,7.325521469116211
644930,3,Steam_Appdetails_snapshot_100/images/644930/ss_3.jpg,1,1920,1080,39.25296199845679,41.68423123306013,1056.59745472179,0.08306327160493827,17.587691936728394,191.9770746527778,47.58332061767578,6.695917129516602
646570,0,Steam_Appdetails_snapshot_100/images/646570/ss_0.jpg,1,1920,1080,39.5441902970679,37.44220627989934,306.8498239530585,0.019818190586419752,58.31139708719136,81.54110532407407,25.152149200439453,6.154045104980469
646570,1,Steam_Appdetails_snapshot_100/images/646570/ss_1.jpg,1,1920,1080,47.38528067129629,50.77336774218379,374.1878433873555,0.03206066743827161,41.91647762345679,156.95899450231482,41.425559997558594,6.85377836227417
646570,2,Steam_Appdetails_snapshot_100/images/646570/ss_2.jpg,1,1920,1080,61.06780623070988,56.027578624910056,117.10994445689126,0.010788966049382715,52.53195071373457,129.1151422646605,26.472782135009766,6.598430633544922
646570,3,Steam_Appdetails_snapshot_100/images/646570/ss_3.jpg,1,1920,1080,43.81298225308642,44.94371002759383,916.3003709442515,0.02390962577160494,52.61323784722222,65.56452980324075,27.751543045043945,5.524440288543701
648800,0,Steam_Appdetails_snapshot_100/images/648800/ss_0.jpg,1,1920,1080,113.98973861882716,38.10407584366853,109.27676978787022,0.016316068672839506,74.64712577160493,161.70174527391976,92.22431945800781,7.155028343200684
648800,1,Steam_Appdetails_snapshot_100/images/648800/ss_1.jpg,1,1918,1079,104.13015565913288,27.204894168129023,193.17268084729454,0.028751083583552144,61.440064903876355,102.09029234770155,46.00688934326172,6.7762579917907715
648800,2,Steam_Appdetails_snapshot_100/images/648800/ss_2.jpg,1,1920,1080,110.68278694058642,42.95971019283721,158.6490194741385,0.021316550925925926,90.48602671682099,130.07520447530865,76.620849609375,7.2422380447387695
648800,3,Steam_Appdetails_snapshot_100/images/648800/ss_3.jpg,1,1920,1080,103.41602816358025,45.53545529890447,209.0823574493085,0.031611207561728395,60.98412037037037,110.21153260030864,69.2473373413086,7.175027847290039
666140,0,Steam_Appdetails_snapshot_100/images/666140/ss_0.jpg,1,1920,1080,111.05752989969136,32.12541467514216,97.44494407787047,0.025146122685185186,57.14134500385803,109.31103202160494,47.7130012512207,6.882906913757324
666140,1,Steam_Appdetails_snapshot_100/images/666140/ss_1.jpg,1,1920,1080,180.00114969135802,77.38234397569019,444.52444106722135,0.050291280864197534,44.27454427083333,88.91908902391975,39.39434814453125,6.221327781677246
666140,2,Steam_Appdetails_snapshot_100/images/666140/ss_2.jpg,1,1920,1080,133.62773485725307,26.916478925398614,87.02979365595856,0.03744743441358025,46.70021701388889,88.4767790316358,49.95964431762695,6.741318702697754
666140,3,Steam_Appdetails_snapshot_100/images/666140/ss_3.jpg,1,1920,1080,138.39017554012347,44.43996716519453,286.3584918829082,0.056039737654320985,41.1715697337963,108.3407065007716,62.21538162231445,7.383808135986328
671860,0,Steam_Appdetails_snapshot_100/images/671860/ss_0.jpg,1,1920,1080,64.76811197916666,34.949094644470705,338.87372111627724,0.014343171296296297,70.87848668981482,81.92632716049383,32.50057601928711,6.8231706619262695
671860,1,Steam_Appdetails_snapshot_100/images/671860/ss_1.jpg,1,1920,1080,41.46482204861111,40.662589221581726,781.6470229421578,0.023093171296296296,41.03323254243827,116.91215856481482,54.964263916015625,6.339102745056152
671860,2,Steam_Appdetails_snapshot_100/images/671860/ss_2.jpg,1,1920,1080,51.09814911265432,31.327753551770204,336.4158135140708,0.021684027777777778,61.983633777006176,96.94054783950617,22.324892044067383,6.722173690795898
671860,3,Steam_Appdetails_snapshot_100/images/671860/ss_3.jpg,1,1920,1080,129.33132716049383,63.692987816891254,151.04001294500662,0.010985725308641975,100.626171875,70.72064380787037,31.133634567260742,7.572113037109375
674940,0,Steam_Appdetails_snapshot_100/images/674940/ss_0.jpg,1,1916,1079,62.44680762555602,59.90801802935879,114.18606784878638,0.011078842429296437,88.14606571460081,184.9258950044598,49.286865234375,6.892560005187988
674940,1,Steam_Appdetails_snapshot_100/images/674940/ss_1.jpg,1,1917,1079,32.116691153684194,29.600191817612394,22.706263116357242,0.0051130246277030595,86.8304241402833,163.50240543249197,35.797035217285156,5.112445831298828
674940,2,Steam_Appdetails_snapshot_100/images/674940/ss_2.jpg,1,1914,1077,50.728026106808166,26.328872358922485,47.08694120495861,0.009408269613821433,41.58892692169995,130.39537969261337,38.392330169677734,6.492419242858887
674940,3,Steam_Appdetails_snapshot_100/images/674940/ss_3.jpg,1,1917,1079,77.96005739582866,61.05432856065789,60.903752237369964,0.01344151132035062,62.722186204792685,140.78571514902757,50.822059631347656,7.2136335372924805
686810,0,Steam_Appdetails_snapshot_100/images/686810/ss_0.jpg,1,1920,1080,50.04640383873457,47.914048377958906,57.34685628255115,0.012468653549382716,21.015916280864197,100.92819299768519,38.78582000732422,6.929512977600098
686810,1,Steam_Appdetails_snapshot_100/images/686810/ss_1.jpg,1,1920,1080,67.03099151234568,65.15976383988574,444.034120048896,0.05386429398148148,97.56113329475309,44.06075665509259,13.685227394104004,7.001678466796875
686810,2,Steam_Appdetails_snapshot_100/images/686810/ss_2.jpg,1,1920,1080,47.99498890817901,50.93813141001593,546.68016174639,0.10298852237654321,46.35108555169753,73.88937355324074,8.541595458984375,6.95322322845459
686810,3,Steam_Appdetails_snapshot_100/images/686810/ss_3.jpg,1,1920,1080,104.31567322530864,77.11843135076585,579.988673184942,0.04827980324074074,22.17405140817901,82.451863908179,32.00088119506836,7.318999767303467
690830,0,Steam_Appdetails_snapshot_100/images/690830/ss_0.jpg,1,1920,1080,89.83716579861111,37.03117628100829,368.0239514344313,0.05298321759259259,34.22797791280864,153.23239872685184,42.773529052734375,7.102175235748291
690830,1,Steam_Appdetails_snapshot_100/images/690830/ss_1.jpg,1,1920,1080,76.98001880787037,47.09724572765184,397.9769945035056,0.030237268518518517,34.608318383487656,103.4781143904321,36.760066986083984,7.180432319641113
690830,2,Steam_Appdetails_snapshot_100/images/690830/ss_2.jpg,1,1920,1080,101.22314236111112,40.78943841474631,532.8739732067384,0.054600694444444445,29.022558834876545,124.4625178433642,45.979957580566406,7.326594352722168
690830,3,Steam_Appdetails_snapshot_100/images/690830/ss_3.jpg,1,1920,1080,96.91910831404321,66.18743089968615,597.0653606604724,0.03873119212962963,28.928004436728394,90.39230227623457,38.506141662597656,6.966290473937988
728880,0,Steam_Appdetails_snapshot_100/images/728880/ss_0.jpg,1,1920,1080,162.46773196373456,47.363504567013564,110.17946625651341,0.03951822916666667,43.54105613425926,135.4921942515432,74.98568725585938,7.459352016448975
728880,1,Steam_Appdetails_snapshot_100/images/728880/ss_1.jpg,1,1920,1080,148.1807884837963,53.54660735450637,109.2034142589586,0.024096739969135802,100.22733555169754,131.10892216435184,96.18888092041016,7.20033073425293
728880,2,Steam_Appdetails_snapshot_100/images/728880/ss_2.jpg,1,1920,1080,137.21343026620372,46.98985831046601,75.70815575602455,0.026106288580246915,42.3592115162037,157.86407793209875,115.83422088623047,7.479598045349121
728880,3,Steam_Appdetails_snapshot_100/images/728880/ss_3.jpg,1,1920,1080,146.97652874228396,45.180883220143244,96.14344360165485,0.03445987654320987,53.89941213348765,135.06329427083332,88.46853637695312,7.35915994644165
739630,0,Steam_Appdetails_snapshot_100/images/739630/ss_0.jpg,1,1920,1080,19.7465055941358,37.6720441409884,142.55449313492616,0.018649691358024693,52.2949787808642,131.64040027006172,40.43146514892578,5.153739929199219
739630,1,Steam_Appdetails_snapshot_100/images/739630/ss_1.jpg,1,1920,1080,18.296829668209877,31.4908694080608,219.61651605889384,0.02117091049382716,21.449044174382717,98.83536603009259,20.07384490966797,5.142010688781738
739630,2,Steam_Appdetails_snapshot_100/images/739630/ss_2.jpg,1,1920,1080,17.51121527777778,30.510700229590796,179.04176178639727,0.01632619598765432,20.56241367669753,93.1498866705247,22.427736282348633,4.945568084716797
739630,3,Steam_Appdetails_snapshot_100/images/739630/ss_3.jpg,1,1920,1080,19.577831790123458,33.771438268365024,270.82695770461726,0.030376639660493827,16.60257282021605,62.28277199074074,18.156429290771484,4.925911903381348
753640,0,Steam_Appdetails_snapshot_100/images/753640/ss_0.jpg,1,1920,1080,61.85319733796296,58.65050300385293,96.29870417816832,0.017305652006172838,56.20001109182099,71.02476851851851,16.8530216217041,6.935805320739746
753640,1,Steam_Appdetails_snapshot_100/images/753640/ss_1.jpg,1,1920,1080,31.990203993055555,39.042719201577356,77.93235484143005,0.017356770833333333,37.35457465277778,104.49191454475309,60.54759216308594,5.856715202331543
753640,2,Steam_Appdetails_snapshot_100/images/753640/ss_2.jpg,1,1920,1080,93.38769965277778,27.87601278286753,14.43104163551278,0.005653452932098765,37.813315489969135,33.116716820987655,9.579803466796875,6.742302417755127
753640,3,Steam_Appdetails_snapshot_100/images/753640/ss_3.jpg,1,1920,1080,28.021211419753087,23.658538427125436,81.70409143266973,0.024460358796296298,20.502794656635803,118.03679494598765,20.22045135498047,6.212818145751953
774171,0,Steam_Appdetails_snapshot_100/images/774171/ss_0.jpg,1,1920,1080,205.27934172453703,56.93118912568905,885.5153558998604,0.06476417824074074,100.0639096257716,65.76546923225308,76.73577880859375,6.636754989624023
774171,1,Steam_Appdetails_snapshot_100/images/774171/ss_1.jpg,1,1920,1080,167.19471739969137,67.08724503970166,687.9254098256349,0.06623746141975309,64.72674430941358,100.58726369598766,84.3465347290039,7.49310827255249
774171,2,Steam_Appdetails_snapshot_100/images/774171/ss_2.jpg,1,1920,1080,55.140183738425925,46.62824900395224,108.75310190764003,0.024471450617283952,142.24064043209876,171.9597048611111,72.84064483642578,5.971604347229004
774171,3,Steam_Appdetails_snapshot_100/images/774171/ss_3.jpg,1,1920,1080,81.4421127507716,52.69134578168897,93.70653227835632,0.02618875385802469,102.79520109953704,140.59505594135803,68.15850067138672,7.111166000366211
848450,0,Steam_Appdetails_snapshot_100/images/848450/ss_0.jpg,1,1920,1080,38.17223186728395,40.109682924561895,224.19751955490474,0.02803192515432099,82.59382523148147,206.95058834876542,58.53678894042969,6.627009391784668
848450,1,Steam_Appdetails_snapshot_100/images/848450/ss_1.jpg,1,1920,1080,32.125822241512346,32.05519222897974,126.77690961719821,0.011941068672839505,133.22729263117284,192.69277488425925,48.037109375,5.862323760986328
848450,2,Steam_Appdetails_snapshot_100/images/848450/ss_2.jpg,1,1920,1080,35.333137538580246,34.39451075498579,277.55346607295957,0.025893132716049382,112.99388261959876,213.14547887731482,63.236019134521484,6.318848133087158
848450,3,Steam_Appdetails_snapshot_100/images/848450/ss_3.jpg,1,1920,1080,70.73858603395061,59.626397639421455,162.05958634627066,0.023974729938271606,64.68745081018518,87.39939091435186,54.299766540527344,7.265561580657959
860510,0,Steam_Appdetails_snapshot_100/images/860510/ss_0.jpg,1,1920,1080,39.31783227237654,23.90194123616917,16.794145928801353,0.002900270061728395,102.6926740933642,159.65383053626545,28.834928512573242,6.249695301055908
860510,1,Steam_Appdetails_snapshot_100/images/860510/ss_1.jpg,1,1920,1080,29.82721981095679,25.048789176971297,11.500097754062304,0.003679591049382716,107.02958381558642,118.27612268518519,22.960857391357422,5.2694244384765625
860510,2,Steam_Appdetails_snapshot_100/images/860510/ss_2.jpg,1,1920,1080,33.593909143518516,25.325966326034926,9.781237943570275,0.0014125192901234568,107.01009837962962,174.2564520640432,21.72092056274414,5.796866416931152
860510,3,Steam_Appdetails_snapshot_100/images/860510/ss_3.jpg,1,1920,1080,43.306528260030866,24.248407184338934,20.79209771029416,0.004424672067901234,104.00803578317901,128.97920235339507,16.015504837036133,6.141268253326416
880940,0,Steam_Appdetails_snapshot_100/images/880940/ss_0.jpg,1,1920,1080,51.89262827932099,38.05645122701477,136.05624112380798,0.014615644290123457,87.71195505401235,78.62482976466049,23.430137634277344,6.551611423492432
880940,1,Steam_Appdetails_snapshot_100/images/880940/ss_1.jpg,1,1920,1080,108.70991560570988,56.889382863444226,335.9508626062908,0.047048128858024695,16.071452546296296,160.7336086998457,62.792259216308594,7.302196502685547
880940,2,Steam_Appdetails_snapshot_100/images/880940/ss_2.jpg,1,1920,1080,51.764280478395065,39.59458898892873,185.49270345942818,0.026200810185185185,64.12263599537037,151.88754099151234,34.14109802246094,6.795105457305908
880940,3,Steam_Appdetails_snapshot_100/images/880940/ss_3.jpg,1,1920,1080,45.64096498842593,31.94035913814341,240.70569334204868,0.01412037037037037,19.778682002314813,209.32603636188273,35.496063232421875,5.940884590148926
881100,0,Steam_Appdetails_snapshot_100/images/881100/ss_0.jpg,1,1920,1080,20.147191840277777,22.89974381001828,104.87032021595635,0.010595582561728396,62.04023871527778,73.82773871527777,24.34621238708496,5.75888204574585
881100,1,Steam_Appdetails_snapshot_100/images/881100/ss_1.jpg,1,1920,1080,23.500232445987653,40.13149345490743,101.11873118654219,0.018561439043209876,29.80769386574074,67.44043740354938,24.176090240478516,5.645805835723877
881100,2,Steam_Appdetails_snapshot_100/images/881100/ss_2.jpg,1,1920,1080,24.170193383487653,24.316701150307352,176.9706177626852,0.015151427469135802,26.329550540123456,87.37957609953703,28.032691955566406,5.830848217010498
881100,3,Steam_Appdetails_snapshot_100/images/881100/ss_3.jpg,1,1920,1080,22.421225405092592,24.298164634269423,90.55979850842301,0.014009934413580246,89.69071759259259,109.78446952160493,26.822696685791016,5.903031349182129
892970,0,Steam_Appdetails_snapshot_100/images/892970/ss_0.jpg,1,1920,1080,143.10688994984568,53.05161211513465,191.3760479352533,0.039850501543209876,94.26412085262346,130.2995418595679,82.82269287109375,7.5818376541137695
892970,1,Steam_Appdetails_snapshot_100/images/892970/ss_1.jpg,1,1920,1080,78.46145688657407,44.60215362713338,375.18391913258534,0.0516454475308642,61.47195023148148,151.30382233796297,49.145896911621094,7.180192470550537
892970,2,Steam_Appdetails_snapshot_100/images/892970/ss_2.jpg,1,1920,1080,170.97436390817901,52.71657301012652,303.7489432966651,0.03636140046296296,73.29797116126544,46.06170765817901,33.46765899658203,7.277019500732422
892970,3,Steam_Appdetails_snapshot_100/images/892970/ss_3.jpg,1,1920,1080,21.3283487654321,17.362870760077104,38.525227135759515,0.006467496141975309,94.94293643904321,200.527315779321,16.49247169494629,5.24515438079834
992300,0,Steam_Appdetails_snapshot_100/images/992300/ss_0.jpg,1,1920,1080,99.01465470679013,62.202671720365885,174.6917021123792,0.020654417438271604,29.320992476851853,89.44062065972223,32.480377197265625,7.634446144104004
992300,1,Steam_Appdetails_snapshot_100/images/992300/ss_1.jpg,1,1920,1080,149.25098524305557,97.37581070550912,93.54004409601659,0.008443287037037037,47.00915557484568,52.033640528549384,12.640637397766113,6.539440155029297
992300,2,Steam_Appdetails_snapshot_100/images/992300/ss_2.jpg,1,1920,1080,104.77623842592592,46.433030782165574,56.78045356990614,0.009795042438271605,17.35584490740741,86.95141830632716,31.45980453491211,7.430086135864258
992300,3,Steam_Appdetails_snapshot_100/images/992300/ss_3.jpg,1,1920,1080,56.5678018904321,43.977395931799265,160.8980501923968,0.023451967592592594,46.94583043981481,106.03071228780864,53.58623504638672,7.125397205352783
1030300,0,Steam_Appdetails_snapshot_100/images/1030300/ss_0.jpg,1,1920,1080,63.781308352623455,51.27296081625649,130.16041934406064,0.03205295138888889,59.52828269675926,132.86344473379629,43.462642669677734,7.060351371765137
1030300,1,Steam_Appdetails_snapshot_100/images/1030300/ss_1.jpg,1,1920,1080,76.05221305941357,65.38385354482612,110.82992369070428,0.027333140432098765,107.53429591049382,174.99396026234567,63.221221923828125,7.524326801300049
1030300,2,Steam_Appdetails_snapshot_100/images/1030300/ss_2.jpg,1,1920,1080,45.24037760416667,35.999836887599976,84.90402825651233,0.011125096450617284,82.5509162808642,117.46434076003086,14.17222785949707,6.8033857345581055
1030300,3,Steam_Appdetails_snapshot_100/images/1030300/ss_3.jpg,1,1920,1080,72.55172550154322,57.405420596516166,131.02706646195819,0.04469135802469136,28.454175829475307,177.34920621141976,85.30738067626953,7.516399383544922
1057090,0,Steam_Appdetails_snapshot_100/images/1057090/ss_0.jpg,1,1920,1080,64.93057773919753,62.60763335593254,90.21589360952495,0.01741753472222222,24.078649691358024,163.8791541280864,42.166831970214844,7.283727645874023
1057090,1,Steam_Appdetails_snapshot_100/images/1057090/ss_1.jpg,1,1920,1080,32.43679253472222,37.98021519846327,85.37332471054745,0.01824315200617284,50.557843846450616,168.0562393904321,45.42418670654297,6.323135852813721
1057090,2,Steam_Appdetails_snapshot_100/images/1057090/ss_2.jpg,1,1920,1080,107.66380015432098,39.96977761069783,24.523830048206513,0.005981385030864197,124.78827932098766,132.68206645447532,59.26499557495117,7.294692039489746
1057090,3,Steam_Appdetails_snapshot_100/images/1057090/ss_3.jpg,1,1920,1080,70.55330150462963,54.4781467877675,14.721922717266317,0.005196277006172839,19.65463927469136,171.74491560570988,48.4493522644043,7.437335014343262
1145350,0,Steam_Appdetails_snapshot_100/images/1145350/ss_0.jpg,1,1920,1080,44.87678385416667,39.8327964982005,409.8436500815977,0.06521556712962963,111.65902874228395,132.3034481095679,41.0960807800293,6.80886697769165
1145350,1,Steam_Appdetails_snapshot_100/images/1145350/ss_1.jpg,1,1920,1080,40.55438898533951,36.799232540960766,407.2996450941009,0.05991415895061728,50.102973572530864,73.90571325231481,20.97712516784668,6.532232761383057
1145350,2,Steam_Appdetails_snapshot_100/images/1145350/ss_2.jpg,1,1920,1080,81.6282243441358,64.85114202229808,896.4181956655603,0.08865740740740741,110.63754870756173,90.14738088348766,44.61503982543945,7.531208038330078
1145350,3,Steam_Appdetails_snapshot_100/images/1145350/ss_3.jpg,1,1920,1080,46.27193721064815,37.62401056770781,518.9990392717496,0.07639081790123457,72.90720003858024,98.51421730324074,31.409618377685547,6.896407127380371
1145360,0,Steam_Appdetails_snapshot_100/images/1145360/ss_0.jpg,1,1920,1080,50.03299189814815,47.62154822354578,620.452729380462,0.06263744212962963,79.4649749228395,126.07360532407408,51.35453414916992,7.011255264282227
1145360,1,Steam_Appdetails_snapshot_100/images/1145360/ss_1.jpg,1,1920,1080,49.22120129243827,63.86174997916227,433.9852387152106,0.04961516203703704,31.919097222222224,94.5880256558642,33.69134521484375,6.3141279220581055
1145360,2,Steam_Appdetails_snapshot_100/images/1145360/ss_2.jpg,1,1920,1080,74.35907021604939,51.479049941259,880.9149224608444,0.05144483024691358,17.114560185185184,190.04366801697532,101.13858032226562,7.438615322113037
1145360,3,Steam_Appdetails_snapshot_100/images/1145360/ss_3.jpg,1,1920,1080,60.35044270833333,54.454495391844354,2293.950954408435,0.10082079475308642,58.18695264274692,119.23030285493827,48.96773910522461,7.220532417297363
1167630,0,Steam_Appdetails_snapshot_100/images/1167630/ss_0.jpg,1,1920,1080,93.19784963348765,58.47384521620739,169.23298114853336,0.02459249614197531,14.61610050154321,136.99460599922838,45.519004821777344,7.284391403198242
1167630,1,Steam_Appdetails_snapshot_100/images/1167630/ss_1.jpg,1,1920,1080,108.6527555941358,75.32276891998337,216.71133098458125,0.04073881172839506,17.603184317129628,138.76348427854938,31.346704483032227,7.521463394165039
1167630,2,Steam_Appdetails_snapshot_100/images/1167630/ss_2.jpg,1,1920,1080,101.93253858024691,46.08667026586428,300.7640126327868,0.056884162808641975,87.44199411651235,77.85967013888889,32.56760025024414,7.417433261871338
1167630,3,Steam_Appdetails_snapshot_100/images/1167630/ss_3.jpg,1,1920,1080,128.11992283950616,61.289495684996524,276.2384151903769,0.05847800925925926,26.098384452160495,87.43705825617283,36.32954406738281,7.776846885681152
1203620,0,Steam_Appdetails_snapshot_100/images/1203620/ss_0.jpg,1,1920,1080,94.55655140817902,56.14986373434724,546.770159282478,0.06419029706790123,14.64488956404321,143.62208333333334,50.27509307861328,7.644457817077637
1203620,1,Steam_Appdetails_snapshot_100/images/1203620/ss_1.jpg,1,1920,1080,30.23510754243827,41.26324291496469,707.2870466611677,0.03683931327160494,120.37356722608024,159.16639130015432,33.67416000366211,6.104520797729492
1203620,2,Steam_Appdetails_snapshot_100/images/1203620/ss_2.jpg,1,1920,1080,68.48001880787037,43.95650228830445,241.81570741057195,0.029030671296296297,82.25937065972222,205.4128867669753,50.37617492675781,7.091680526733398
1203620,3,Steam_Appdetails_snapshot_100/images/1203620/ss_3.jpg,1,1920,1080,85.00690104166667,48.98882287038476,1701.691680262572,0.14412422839506173,41.202713155864195,100.15152247299383,33.59507751464844,7.4564361572265625
1206560,0,Steam_Appdetails_snapshot_100/images/1206560/ss_0.jpg,1,1920,1080,100.08624565972222,31.356033989187573,482.93275221760865,0.025423900462962962,101.11078655478396,173.0217544367284,61.43438720703125,6.699988842010498
1206560,1,Steam_Appdetails_snapshot_100/images/1206560/ss_1.jpg,1,1920,1080,119.25396990740741,41.16202540820707,614.8822663535518,0.05243875385802469,63.28927228009259,109.19986641589506,66.474853515625,7.301580429077148
1206560,2,Steam_Appdetails_snapshot_100/images/1206560/ss_2.jpg,1,1920,1080,134.30158998842592,41.733225459251756,295.73452880317933,0.03198350694444444,70.9549893904321,135.96562692901236,65.79906463623047,7.30696964263916
1206560,3,Steam_Appdetails_snapshot_100/images/1206560/ss_3.jpg,1,1920,1080,142.13985966435186,34.62696002914399,227.36583427095465,0.024113136574074073,23.62308449074074,135.52399112654322,52.52719497680664,7.062106609344482
1260320,0,Steam_Appdetails_snapshot_100/images/1260320/ss_0.jpg,1,1920,1080,125.12764081790124,41.09413941243273,82.60849749691299,0.008868634259259258,66.91248842592593,67.82428530092592,46.97407150268555,7.207071304321289
1260320,1,Steam_Appdetails_snapshot_100/images/1260320/ss_1.jpg,1,1920,1080,154.83416087962962,36.30471247971701,57.03344221750685,0.009405864197530865,118.75439718364197,82.22423852237654,56.5906982421875,7.186736583709717
1260320,2,Steam_Appdetails_snapshot_100/images/1260320/ss_2.jpg,1,1920,1080,123.70440875771605,41.399234485428856,68.88538096826895,0.011354166666666667,48.845532407407404,89.89818287037038,56.90729522705078,7.240966796875
1260320,3,Steam_Appdetails_snapshot_100/images/1260320/ss_3.jpg,1,1920,1080,141.0524074074074,47.67821300107624,78.91248738210102,0.02134645061728395,47.50460262345679,75.37468653549382,44.032432556152344,7.518455505371094
1332010,0,Steam_Appdetails_snapshot_100/images/1332010/ss_0.jpg,1,1920,1080,58.77619598765432,38.77851014009376,550.0141573019124,0.04540605709876543,119.2858738425926,148.5576919367284,58.66707229614258,6.74882698059082
1332010,1,Steam_Appdetails_snapshot_100/images/1332010/ss_1.jpg,1,1920,1080,47.226295331790126,36.65275883002291,138.01879401657507,0.01847511574074074,22.640326003086418,103.90472897376543,22.98632049560547,6.626003265380859
1332010,2,Steam_Appdetails_snapshot_100/images/1332010/ss_2.jpg,1,1920,1080,52.43262972608024,39.11119549021304,508.8236304054617,0.04327353395061728,18.046712962962964,201.399665316358,56.25862121582031,6.8651556968688965
1332010,3,Steam_Appdetails_snapshot_100/images/1332010/ss_3.jpg,1,1920,1080,65.63027922453703,52.04368115345672,214.7575204620875,0.02343364197530864,90.3486969521605,154.67357783564816,59.64523696899414,6.843758583068848
1366540,0,Steam_Appdetails_snapshot_100/images/1366540/ss_0.jpg,1,1920,1080,64.8521841242284,64.94979038406275,1235.6997221784168,0.054333043981481484,102.88212384259259,155.03352527006172,39.474952697753906,7.245160102844238
1366540,1,Steam_Appdetails_snapshot_100/images/1366540/ss_1.jpg,1,1600,900,54.967365972222225,26.85005769481093,555.4413902271527,0.01625625,107.64924930555556,103.34831180555555,30.396751403808594,6.045961856842041
1366540,2,Steam_Appdetails_snapshot_100/images/1366540/ss_2.jpg,1,1920,1080,71.99584442515432,73.05819808404479,4838.836061862075,0.08052035108024691,90.72900848765433,97.09407889660494,29.62516975402832,7.385507583618164
1366540,3,Steam_Appdetails_snapshot_100/images/1366540/ss_3.jpg,1,1920,1080,56.21340133101852,36.24301005531418,638.9829861109018,0.024657118055555555,104.59071469907407,116.41365210262346,41.81903076171875,6.683335781097412
1527950,0,Steam_Appdetails_snapshot_100/images/1527950/ss_0.jpg,1,1920,1080,114.59686390817902,61.32793770694053,6452.033281963473,0.15007474922839506,94.01502507716049,78.99148244598766,34.30345153808594,7.850798606872559
1527950,1,Steam_Appdetails_snapshot_100/images/1527950/ss_1.jpg,1,1920,1080,68.75442274305556,36.057088690567085,2525.9177793995177,0.05150607638888889,33.19283275462963,75.62451822916667,26.300731658935547,7.005742073059082
1527950,2,Steam_Appdetails_snapshot_100/images/1527950/ss_2.jpg,1,1920,1080,29.91462962962963,34.23665276923579,1542.4507001033305,0.036790605709876543,32.88480324074074,129.8757855902778,41.10149002075195,5.847126007080078
1527950,3,Steam_Appdetails_snapshot_100/images/1527950/ss_3.jpg,1,1920,1080,58.077519290123455,34.43786782840595,3374.1397555994795,0.053224344135802466,62.07826388888889,135.62400511188272,34.8191032409668,6.992093086242676
1621690,0,Steam_Appdetails_snapshot_100/images/1621690/ss_0.jpg,1,1920,1080,32.3639453125,47.08910106758772,397.22088300051144,0.033739872685185184,29.982146508487656,134.03348958333333,71.22345733642578,5.95362663269043
1621690,1,Steam_Appdetails_snapshot_100/images/1621690/ss_1.jpg,1,1920,1080,42.1492259837963,38.736465336275934,451.5663392066622,0.04713927469135802,76.52346547067901,150.31658227237654,54.40188217163086,6.666664123535156
1621690,2,Steam_Appdetails_snapshot_100/images/1621690/ss_2.jpg,1,1920,1080,13.516380208333333,21.2244499588578,131.69256896202182,0.009033564814814815,88.64956548996913,146.0869888117284,35.38371276855469,4.824748516082764
1621690,3,Steam_Appdetails_snapshot_100/images/1621690/ss_3.jpg,1,1920,1080,71.5971272183642,59.06732578873682,239.9497409949002,0.04324411651234568,19.712751736111112,161.04190104166668,71.21485900878906,7.247997760772705
1623730,0,Steam_Appdetails_snapshot_100/images/1623730/ss_0.jpg,1,1920,1080,109.11624903549382,75.56015548990526,213.69640719625212,0.07261284722222222,41.10374469521605,91.06286410108025,33.54468536376953,7.90684175491333
1623730,1,Steam_Appdetails_snapshot_100/images/1623730/ss_1.jpg,1,1920,1080,114.85096257716049,64.27247705172964,213.04867005106166,0.056102430555555555,36.981502700617284,102.20841290509259,65.03738403320312,7.780801773071289
1623730,2,Steam_Appdetails_snapshot_100/images/1623730/ss_2.jpg,1,1920,1080,136.07833622685186,58.72826598912898,87.26009765303475,0.024680266203703703,84.31833188657407,79.17904079861111,41.591796875,7.785021781921387
1623730,3,Steam_Appdetails_snapshot_100/images/1623730/ss_3.jpg,1,1920,1080,112.30284288194444,61.65423522266567,811.2009263450506,0.13700135030864197,56.03653742283951,106.11014949845679,43.67198944091797,7.754972457885742
1868140,0,Steam_Appdetails_snapshot_100/images/1868140/ss_0.jpg,1,1280,720,135.22967122395832,35.025815002989965,133.98794960502224,0.038211805555555554,102.95435980902778,152.0169097222222,95.89759826660156,6.8971099853515625
1868140,1,Steam_Appdetails_snapshot_100/images/1868140/ss_1.jpg,1,1280,720,55.50501193576389,43.070273282071305,753.8397563801977,0.05246527777777778,66.82361762152777,147.83435438368056,47.28453063964844,6.972286224365234
1868140,2,Steam_Appdetails_snapshot_100/images/1868140/ss_2.jpg,1,1280,720,160.23958550347223,25.934866563135373,173.77937564333695,0.04955729166666667,109.56293294270833,140.69148980034723,111.73359680175781,6.1662445068359375
1868140,3,Steam_Appdetails_snapshot_100/images/1868140/ss_3.jpg,1,1280,720,178.60209418402778,46.26654506475469,292.311963926008,0.02695855034722222,87.53145724826389,130.35480794270833,97.55567932128906,7.313996315002441
2198150,0,Steam_Appdetails_snapshot_100/images/2198150/ss_0.jpg,1,1920,1080,101.14500482253086,47.86662906531806,271.79460592195045,0.050801986882716046,57.24680989583333,81.88317274305555,34.076602935791016,7.341490745544434
2198150,1,Steam_Appdetails_snapshot_100/images/2198150/ss_1.jpg,1,1920,1080,93.27290702160494,44.40336886573344,348.30842761260607,0.038271122685185184,24.942287808641975,107.224140625,48.51621627807617,6.950611591339111
2198150,2,Steam_Appdetails_snapshot_100/images/2198150/ss_2.jpg,1,1920,1080,44.64334635416667,28.78185380845804,104.75494039871965,0.01232542438271605,95.15550395447531,231.22191261574073,39.75519561767578,6.210460186004639
2198150,3,Steam_Appdetails_snapshot_100/images/2198150/ss_3.jpg,1,1920,1080,130.9010440779321,59.245603999272426,276.65763397711794,0.03347608024691358,66.50062982253087,56.04640866126543,28.32547378540039,7.708301544189453
2592160,0,Steam_Appdetails_snapshot_100/images/2592160/ss_0.jpg,1,1920,1080,70.66667004243827,47.5702696687679,432.1344512524996,0.020987654320987655,42.57361738040124,120.59867042824074,39.2460823059082,7.363053798675537
2592160,1,Steam_Appdetails_snapshot_100/images/2592160/ss_1.jpg,1,1920,1080,73.55794994212962,54.560010975699086,473.9350472608025,0.09606095679012346,68.02381510416667,159.2522342785494,77.62963104248047,7.100066661834717
2592160,2,Steam_Appdetails_snapshot_100/images/2592160/ss_2.jpg,1,1920,1080,36.307761863425924,39.64906667466065,159.60336275197517,0.023335262345679012,137.17298804012347,186.56630160108026,64.63964080810547,6.549173355102539
2592160,3,Steam_Appdetails_snapshot_100/images/2592160/ss_3.jpg,1,1920,1080,71.59049141589506,61.4277527571694,17.848360651407592,0.007308063271604938,15.243274980709877,219.05132908950617,92.69071197509766,7.3105597496032715
